item_id,brand_ko,resolved_url,appearances,top1_count,avg_rank,borda_score,price_krw,price_bucket,subtype,top1_rate,pair_wins,pair_comparisons,win_rate
https://myrealbarrier.co.kr/product/detail.html?product_no=70,리얼베리어,https://myrealbarrier.co.kr/product/detail.html?product_no=70,37,37,1.0,111.0,12000.0,low,foam,1.0,74,74,1.0
https://neopharmshop.co.kr/product/아토팜-판테놀-크림-워시-300ml/2130/,아토팜,https://neopharmshop.co.kr/product/아토팜-판테놀-크림-워시-300ml/2130/,41,41,1.0,123.0,19500.0,mid,unknown,1.0,82,82,1.0
https://physiogel.co.kr/product/detail.html?product_no=33&cate_no=28&display_group=1,피지오겔,https://physiogel.co.kr/product/detail.html?product_no=33&cate_no=28&display_group=1,33,32,1.0303030303030303,98.0,19500.0,mid,gel,0.9696969696969697,65,66,0.9848484848484849
https://myrealbarrier.co.kr/product/detail.html?product_no=71,리얼베리어,https://myrealbarrier.co.kr/product/detail.html?product_no=71,41,39,1.0731707317073171,120.0,16700.0,mid,foam,0.9512195121951219,79,82,0.9634146341463414
https://pyunkangyul.com/product/%EC%A7%84%EC%A0%95-%EC%95%BD%EC%82%B0%EC%84%B1-%ED%8F%AC%EB%B0%8D-%ED%81%B4%EB%A0%8C%EC%A0%80-150ml/203/category/231/display/1/,편강율,https://pyunkangyul.com/product/%EC%A7%84%EC%A0%95-%EC%95%BD%EC%82%B0%EC%84%B1-%ED%8F%AC%EB%B0%8D-%ED%81%B4%EB%A0%8C%EC%A0%80-150ml/203/category/231/display/1/,20,19,1.05,59.0,13900.0,low,foam,0.95,39,40,0.975
https://neopharmshop.co.kr/product/detail.html?product_no=2215&cate_no=43&display_group=1,네오팜,https://neopharmshop.co.kr/product/detail.html?product_no=2215&cate_no=43&display_group=1,43,40,1.069767441860465,126.0,13500.0,low,foam,0.9302325581395349,83,86,0.9651162790697675
https://neopharmshop.co.kr/product/detail.html?product_no=2144&cate_no=48&display_group=1,네오팜,https://neopharmshop.co.kr/product/detail.html?product_no=2144&cate_no=48&display_group=1,22,20,1.0909090909090908,64.0,12600.0,low,water,0.9090909090909091,42,44,0.9545454545454546
https://abib.com/product/딥-클린-폼-클렌저-수분초-히알루론-폼/306/,아비브,https://abib.com/product/딥-클린-폼-클렌저-수분초-히알루론-폼/306/,54,49,1.0925925925925926,157.0,16000.0,mid,cream,0.9074074074074074,103,108,0.9537037037037037
https://onething.kr/product/%EC%96%B4%EC%84%B1%EC%B4%88-%EC%95%BD%EC%82%B0%EC%84%B1-%ED%8F%BC%ED%81%B4%EB%A0%8C%EC%A7%95-150ml/233/category/1/display/7/?icid=MAIN.product_listmain_6,원씽,https://onething.kr/product/%EC%96%B4%EC%84%B1%EC%B4%88-%EC%95%BD%EC%82%B0%EC%84%B1-%ED%8F%BC%ED%81%B4%EB%A0%8C%EC%A7%95-150ml/233/category/1/display/7/?icid=MAIN.product_listmain_6,52,46,1.1153846153846154,150.0,21000.0,mid,foam,0.8846153846153846,98,104,0.9423076923076923
https://neopharmshop.co.kr/product/detail.html?product_no=2134&cate_no=1&display_group=11,네오팜,https://neopharmshop.co.kr/product/detail.html?product_no=2134&cate_no=1&display_group=11,25,22,1.12,72.0,15000.0,mid,unknown,0.88,47,50,0.94
https://neopharmshop.co.kr/product/detail.html?product_no=3454&cate_no=175&display_group=1,네오팜,https://neopharmshop.co.kr/product/detail.html?product_no=3454&cate_no=175&display_group=1,29,25,1.1379310344827587,83.0,18000.0,mid,foam,0.8620689655172413,54,58,0.9310344827586207
https://benetus.imweb.me/cleanser/?idx=2,베네투스,https://benetus.imweb.me/cleanser/?idx=2,49,42,1.1428571428571428,140.0,23000.0,high,foam,0.8571428571428571,91,98,0.9285714285714286
https://www.torriden.com/goods/goods_view.php?goodsNo=158,토리든,https://www.torriden.com/goods/goods_view.php?goodsNo=158,27,23,1.2222222222222223,75.0,5000.0,low,gel,0.8518518518518519,48,54,0.8888888888888888
https://dewytree.com/product/detail.html?product_no=686&cate_no=54&display_group=1,듀이트리,https://dewytree.com/product/detail.html?product_no=686&cate_no=54&display_group=1,20,17,1.15,57.0,19000.0,mid,milk,0.85,37,40,0.925
https://physiogel.co.kr/product/detail.html?product_no=374&cate_no=28&display_group=1,피지오겔,https://physiogel.co.kr/product/detail.html?product_no=374&cate_no=28&display_group=1,52,44,1.1538461538461537,148.0,23000.0,high,foam,0.8461538461538461,96,104,0.9230769230769231
https://myrealbarrier.co.kr/product/detail.html?product_no=68,리얼베리어,https://myrealbarrier.co.kr/product/detail.html?product_no=68,44,37,1.1590909090909092,125.0,33200.0,high,foam,0.8409090909090909,81,88,0.9204545454545454
https://anua.kr/product/detail.html?product_no=252,아누아,https://anua.kr/product/detail.html?product_no=252,44,37,1.2045454545454546,123.0,15000.0,mid,foam,0.8409090909090909,79,88,0.8977272727272727
https://myrealbarrier.co.kr/product/detail.html?product_no=125,리얼베리어,https://myrealbarrier.co.kr/product/detail.html?product_no=125,34,27,1.2352941176470589,94.0,19000.0,mid,oil,0.7941176470588235,60,68,0.8823529411764706
https://lagom.kr/product/detail.html?product_no=132&cate_no=86&display_group=1,라곰,https://lagom.kr/product/detail.html?product_no=132&cate_no=86&display_group=1,14,11,1.2142857142857142,39.0,18000.0,mid,water,0.7857142857142857,25,28,0.8928571428571429
https://abib.com/product/아크네-폼-클렌저-어성초-폼/132/,아비브,https://abib.com/product/아크네-폼-클렌저-어성초-폼/132/,42,33,1.2380952380952381,116.0,16000.0,mid,foam,0.7857142857142857,74,84,0.8809523809523809
https://tonymoly.com/products/houttuynia-cordata-cica-cleansing-foam.do?i_sProductcd=TM20220405000140678,토니모리,https://tonymoly.com/products/houttuynia-cordata-cica-cleansing-foam.do?i_sProductcd=TM20220405000140678,36,28,1.2222222222222223,100.0,4500.0,low,foam,0.7777777777777778,64,72,0.8888888888888888
https://illiyoon.com/product/detail.html?product_no=274,일리윤,https://illiyoon.com/product/detail.html?product_no=274,39,30,1.2820512820512822,106.0,17600.0,mid,foam,0.7692307692307693,67,78,0.8589743589743589
https://myrealbarrier.co.kr/product/detail.html?product_no=215&cate_no=48&display_group=1,리얼베리어,https://myrealbarrier.co.kr/product/detail.html?product_no=215&cate_no=48&display_group=1,30,23,1.2333333333333334,83.0,17600.0,mid,gel,0.7666666666666667,53,60,0.8833333333333333
https://myrealbarrier.co.kr/product/detail.html?product_no=85,리얼베리어,https://myrealbarrier.co.kr/product/detail.html?product_no=85,30,23,1.3333333333333333,80.0,16900.0,mid,foam,0.7666666666666667,50,60,0.8333333333333334
https://skin1004korea.com/product/마다가스카르-센텔라-앰플-폼-125ml/272/category/131/display/1/,스킨1004,https://skin1004korea.com/product/마다가스카르-센텔라-앰플-폼-125ml/272/category/131/display/1/,54,41,1.2592592592592593,148.0,17000.0,mid,milk,0.7592592592592593,94,108,0.8703703703703703
https://lagom.kr/product/detail.html?product_no=10&cate_no=86&display_group=1,라곰,https://lagom.kr/product/detail.html?product_no=10&cate_no=86&display_group=1,12,9,1.25,33.0,19000.0,mid,foam,0.75,21,24,0.875
https://banila.com/product/detail.html?product_no=680,바닐라코,https://banila.com/product/detail.html?product_no=680,40,30,1.275,109.0,16000.0,mid,foam,0.75,69,80,0.8625
https://imfrom.co.kr/product/detail.html?product_no=246&cate_no=175&display_group=1,아임프롬,https://imfrom.co.kr/product/detail.html?product_no=246&cate_no=175&display_group=1,26,19,1.3846153846153846,68.0,24000.0,high,unknown,0.7307692307692307,42,52,0.8076923076923077
https://abib.com/product/포어-클레이-팩-클렌저-어성초-차콜-팩-투-폼/597/,아비브,https://abib.com/product/포어-클레이-팩-클렌저-어성초-차콜-팩-투-폼/597/,53,38,1.2830188679245282,144.0,24000.0,high,cream,0.7169811320754716,91,106,0.8584905660377359
https://medipeel.co.kr/product/detail.html?product_no=2681&cate_no=499&display_group=1,메디필,https://medipeel.co.kr/product/detail.html?product_no=2681&cate_no=499&display_group=1,35,25,1.2857142857142858,95.0,15800.0,mid,gel,0.7142857142857143,60,70,0.8571428571428571
https://pyunkangyul.com/product/약산성-모공-딥-클렌징폼-100ml/134/category/95/display/1/,편강율,https://pyunkangyul.com/product/약산성-모공-딥-클렌징폼-100ml/134/category/95/display/1/,40,28,1.35,106.0,9900.0,low,foam,0.7,66,80,0.825
https://celimax.co.kr/product/%EC%8B%9C%EC%B9%B4-%EB%B0%94%ED%95%98-%EC%A7%80%EC%9A%B0%EA%B0%9C-%ED%8F%BC-%ED%81%B4%EB%A0%8C%EC%A7%95-150ml/26/category/48/display/1/,셀리맥스,https://celimax.co.kr/product/%EC%8B%9C%EC%B9%B4-%EB%B0%94%ED%95%98-%EC%A7%80%EC%9A%B0%EA%B0%9C-%ED%8F%BC-%ED%81%B4%EB%A0%8C%EC%A7%95-150ml/26/category/48/display/1/,36,25,1.3611111111111112,95.0,24700.0,high,foam,0.6944444444444444,59,72,0.8194444444444444
https://belifmall.com/product/빌리프-크리미-클렌징-폼-모이스트-160ml/23/,빌리프,https://belifmall.com/product/빌리프-크리미-클렌징-폼-모이스트-160ml/23/,52,36,1.3461538461538463,138.0,23200.0,high,foam,0.6923076923076923,86,104,0.8269230769230769
https://m.bentoncosmetic.com/product/detail.html?product_no=681&cate_no=188&display_group=1,벤튼,https://m.bentoncosmetic.com/product/detail.html?product_no=681&cate_no=188&display_group=1,26,18,1.4230769230769231,67.0,9600.0,low,foam,0.6923076923076923,41,52,0.7884615384615384
https://m.maxclinic.com/product/detail.html?product_no=1548&cate_no=180&display_group=1,맥스클리닉,https://m.maxclinic.com/product/detail.html?product_no=1548&cate_no=180&display_group=1,42,29,1.3333333333333333,112.0,12800.0,low,foam,0.6904761904761905,70,84,0.8333333333333334
https://whataskin.co.kr/product/%ED%93%A8%EC%96%B4%EB%AF%B8-%ED%8F%BC%ED%81%B4%EB%A0%8C%EC%A7%95-500ml/10/category/29/display/1/,와더스킨,https://whataskin.co.kr/product/%ED%93%A8%EC%96%B4%EB%AF%B8-%ED%8F%BC%ED%81%B4%EB%A0%8C%EC%A7%95-500ml/10/category/29/display/1/,44,30,1.4318181818181819,113.0,23000.0,high,foam,0.6818181818181818,69,88,0.7840909090909091
https://anua.kr/product/detail.html?product_no=254,아누아,https://anua.kr/product/detail.html?product_no=254,39,26,1.4102564102564104,101.0,14000.0,low,foam,0.6666666666666666,62,78,0.7948717948717948
https://dewytree.com/product/detail.html?product_no=963&cate_no=54&display_group=1,듀이트리,https://dewytree.com/product/detail.html?product_no=963&cate_no=54&display_group=1,24,16,1.5,60.0,38000.0,high,milk,0.6666666666666666,36,48,0.75
https://lagom.kr/product/detail.html?product_no=11&cate_no=86&display_group=1,라곰,https://lagom.kr/product/detail.html?product_no=11&cate_no=86&display_group=1,35,23,1.3714285714285714,92.0,16000.0,mid,foam,0.6571428571428571,57,70,0.8142857142857143
https://brmudkorea.com/product/detail.html?product_no=171&cate_no=90&display_group=1,비알엠유디,https://brmudkorea.com/product/detail.html?product_no=171&cate_no=90&display_group=1,32,21,1.4375,82.0,29900.0,high,oil,0.65625,50,64,0.78125
https://abib.com/product/detail.html?product_no=186&cate_no=77&display_group=1,아비브,https://abib.com/product/detail.html?product_no=186&cate_no=77&display_group=1,20,13,1.4,52.0,26000.0,high,oil,0.65,32,40,0.8
https://theuiq.com/product/%EB%B0%94%EC%9D%B4%EC%98%B4-%EB%A0%88%EB%AF%B8%EB%94%94-%EC%95%84%ED%81%AC%EB%84%A4-%ED%81%B4%EB%A0%8C%EC%A7%95-%ED%8F%BC-150ml/393/category/45/display/1/,유이크,https://theuiq.com/product/%EB%B0%94%EC%9D%B4%EC%98%B4-%EB%A0%88%EB%AF%B8%EB%94%94-%EC%95%84%ED%81%AC%EB%84%A4-%ED%81%B4%EB%A0%8C%EC%A7%95-%ED%8F%BC-150ml/393/category/45/display/1/,51,33,1.4509803921568627,130.0,17000.0,mid,foam,0.6470588235294118,79,102,0.7745098039215687
https://lagom.kr/product/detail.html?product_no=652&cate_no=86&display_group=1,라곰,https://lagom.kr/product/detail.html?product_no=652&cate_no=86&display_group=1,25,16,1.4,65.0,18000.0,mid,water,0.64,40,50,0.8
https://theuiq.com/product/%EB%B0%94%EC%9D%B4%EC%98%B4-%EB%B2%A0%EB%A6%AC%EC%96%B4-%ED%81%B4%EB%A0%8C%EC%A7%95-%ED%8F%BC-120ml/30/category/45/display/1/,유이크,https://theuiq.com/product/%EB%B0%94%EC%9D%B4%EC%98%B4-%EB%B2%A0%EB%A6%AC%EC%96%B4-%ED%81%B4%EB%A0%8C%EC%A7%95-%ED%8F%BC-120ml/30/category/45/display/1/,41,26,1.4634146341463414,104.0,22000.0,high,foam,0.6341463414634146,63,82,0.7682926829268293
https://myrealbarrier.co.kr/product/detail.html?product_no=86&cate_no=48&display_group=1,리얼베리어,https://myrealbarrier.co.kr/product/detail.html?product_no=86&cate_no=48&display_group=1,37,23,1.4324324324324325,95.0,33900.0,high,foam,0.6216216216216216,58,74,0.7837837837837838
https://pongdangshop.com/product/detail.html?product_no=183&cate_no=117&display_group=1,퐁당,https://pongdangshop.com/product/detail.html?product_no=183&cate_no=117&display_group=1,29,18,1.4827586206896552,73.0,20000.0,mid,oil,0.6206896551724138,44,58,0.7586206896551724
https://www.dr-g.co.kr/item/9380?pc=4&cc=14,닥터지,https://www.dr-g.co.kr/item/9380?pc=4&cc=14,42,26,1.4761904761904763,106.0,15000.0,mid,foam,0.6190476190476191,64,84,0.7619047619047619
https://www.beplain.co.kr/shop/shopdetail.html?branduid=10739403&xcode=013&mcode=001&scode=&type=Y&sort=manual&current_category=013001&search=&GfDT=bm17W10%3D,비플레인,https://www.beplain.co.kr/shop/shopdetail.html?branduid=10739403&xcode=013&mcode=001&scode=&type=Y&sort=manual&current_category=013001&search=&GfDT=bm17W10%3D,43,26,1.4651162790697674,109.0,10500.0,low,foam,0.6046511627906976,66,86,0.7674418604651163
https://whipped.co.kr/product/%ED%9C%A9%EB%93%9C-%EB%AC%B4%ED%99%94%EB%B2%84%ED%84%B0-%EB%B9%84%EA%B1%B4-%ED%8C%A9%ED%81%B4%EB%A0%8C%EC%A0%80-130g/222/category/54/display/1/,휩드,https://whipped.co.kr/product/%ED%9C%A9%EB%93%9C-%EB%AC%B4%ED%99%94%EB%B2%84%ED%84%B0-%EB%B9%84%EA%B1%B4-%ED%8C%A9%ED%81%B4%EB%A0%8C%EC%A0%80-130g/222/category/54/display/1/,48,29,1.4583333333333333,122.0,23200.0,high,balm,0.6041666666666666,74,96,0.7708333333333334
https://www.etude.com/shop/category/cleanser/cleanser-all/%ec%88%9c%ec%a0%95-%ec%95%bd%ec%82%b0%ec%84%b1-5-5-%ed%8f%bc-%ed%81%b4%eb%a0%8c%ec%a0%80-150ml-2/,에뛰드,https://www.etude.com/shop/category/cleanser/cleanser-all/%ec%88%9c%ec%a0%95-%ec%95%bd%ec%82%b0%ec%84%b1-5-5-%ed%8f%bc-%ed%81%b4%eb%a0%8c%ec%a0%80-150ml-2/,50,30,1.48,126.0,12000.0,low,foam,0.6,76,100,0.76
https://www.cosrx.co.kr/shop/shopdetail.html?branduid=1177326&search=%C5%AC%B7%BB%C0%FA&sort=sellcnt&xcode=019&mcode=000&scode=&GfDT=Zmp3VQ%3D%3D,코스알엑스,https://www.cosrx.co.kr/shop/shopdetail.html?branduid=1177326&search=%C5%AC%B7%BB%C0%FA&sort=sellcnt&xcode=019&mcode=000&scode=&GfDT=Zmp3VQ%3D%3D,30,18,1.5,75.0,10400.0,low,foam,0.6,45,60,0.75
https://pyunkangyul.com/product/%ED%81%B4%EB%A0%8C%EC%A7%95%ED%8F%BC-150ml/163/category/231/display/1/,편강율,https://pyunkangyul.com/product/%ED%81%B4%EB%A0%8C%EC%A7%95%ED%8F%BC-150ml/163/category/231/display/1/,44,26,1.5681818181818181,107.0,9900.0,low,foam,0.5909090909090909,63,88,0.7159090909090909
https://roundlab.co.kr/product/detail.html?product_no=130,라운드랩,https://roundlab.co.kr/product/detail.html?product_no=130,34,20,1.5294117647058822,84.0,19500.0,mid,oil,0.5882352941176471,50,68,0.7352941176470589
https://www.torriden.com/goods/goods_view.php?goodsNo=253,토리든,https://www.torriden.com/goods/goods_view.php?goodsNo=253,46,27,1.6304347826086956,109.0,5000.0,low,oil,0.5869565217391305,63,92,0.6847826086956522
https://www.beplain.co.kr/shop/shopdetail.html?branduid=15,비플레인,https://www.beplain.co.kr/shop/shopdetail.html?branduid=15,41,24,1.4878048780487805,103.0,9500.0,low,foam,0.5853658536585366,62,82,0.7560975609756098
https://banila.com/product/detail.html?product_no=676&cate_no=214&display_group=1,바닐라코,https://banila.com/product/detail.html?product_no=676&cate_no=214&display_group=1,19,11,1.631578947368421,45.0,18000.0,mid,balm,0.5789473684210527,26,38,0.6842105263157895
https://wellage.co.kr/product/%EB%A6%AC%EC%96%BC-%ED%9E%88%EC%95%8C%EB%A3%A8%EB%A1%9C%EB%8B%89-%EC%95%84%EB%AF%B8%EB%85%B8-%ED%81%B4%EB%A0%8C%EC%A7%95-%ED%8F%BC-150ml/1256/,웰라쥬,https://wellage.co.kr/product/%EB%A6%AC%EC%96%BC-%ED%9E%88%EC%95%8C%EB%A3%A8%EB%A1%9C%EB%8B%89-%EC%95%84%EB%AF%B8%EB%85%B8-%ED%81%B4%EB%A0%8C%EC%A7%95-%ED%8F%BC-150ml/1256/,52,30,1.5,130.0,16000.0,mid,foam,0.5769230769230769,78,104,0.75
https://abib.com/product/detail.html?product_no=327&cate_no=24&display_group=1,아비브,https://abib.com/product/detail.html?product_no=327&cate_no=24&display_group=1,26,15,1.6153846153846154,62.0,6000.0,low,cream,0.5769230769230769,36,52,0.6923076923076923
https://www.aestura.com/m/product/view.do?prdSeq=1077,에스트라,https://www.aestura.com/m/product/view.do?prdSeq=1077,54,31,1.5185185185185186,134.0,23000.0,high,foam,0.5740740740740741,80,108,0.7407407407407407
https://graymelin.com/product/%EC%91%A5-%ED%93%A8%EC%96%B4-%ED%8F%BC%ED%81%B4%EB%A0%8C%EC%A0%B8-150ml-%EB%B3%B4%EC%86%A1%EC%A7%84%EC%A0%95/501/category/61/display/1/,그레이멜린,https://graymelin.com/product/%EC%91%A5-%ED%93%A8%EC%96%B4-%ED%8F%BC%ED%81%B4%EB%A0%8C%EC%A0%B8-150ml-%EB%B3%B4%EC%86%A1%EC%A7%84%EC%A0%95/501/category/61/display/1/,37,21,1.5135135135135136,92.0,18000.0,mid,foam,0.5675675675675675,55,74,0.7432432432432432
https://benetus.imweb.me/cleanser/?idx=1,베네투스,https://benetus.imweb.me/cleanser/?idx=1,34,19,1.6176470588235294,81.0,25000.0,high,unknown,0.5588235294117647,47,68,0.6911764705882353
https://medipeel.co.kr/product/detail.html?product_no=2687&cate_no=499&display_group=1,메디필,https://medipeel.co.kr/product/detail.html?product_no=2687&cate_no=499&display_group=1,30,16,1.5666666666666667,73.0,12900.0,low,foam,0.5333333333333333,43,60,0.7166666666666667
https://dewytree.com/product/detail.html?product_no=938&cate_no=54&display_group=1,듀이트리,https://dewytree.com/product/detail.html?product_no=938&cate_no=54&display_group=1,38,20,1.4736842105263157,96.0,16000.0,mid,foam,0.5263157894736842,58,76,0.7631578947368421
https://beautyofjoseon.co.kr/product/미감클렌징밤/16/,조선미녀,https://beautyofjoseon.co.kr/product/미감클렌징밤/16/,31,16,1.5806451612903225,75.0,19000.0,mid,balm,0.5161290322580645,44,62,0.7096774193548387
https://itempage3.auction.co.kr/DetailView.aspx?itemno=B873273622,메디팜,https://itempage3.auction.co.kr/DetailView.aspx?itemno=B873273622,49,25,1.6326530612244898,116.0,5000.0,low,foam,0.5102040816326531,67,98,0.6836734693877551
https://medipeel.co.kr/product/detail.html?product_no=3747&cate_no=499&display_group=1,메디필,https://medipeel.co.kr/product/detail.html?product_no=3747&cate_no=499&display_group=1,6,3,1.5,15.0,14800.0,low,gel,0.5,9,12,0.75
https://dewytree.com/product/detail.html?product_no=688&cate_no=54&display_group=1,듀이트리,https://dewytree.com/product/detail.html?product_no=688&cate_no=54&display_group=1,48,24,1.5833333333333333,116.0,14000.0,low,unknown,0.5,68,96,0.7083333333333334
https://graymelin.com/product/11-%ED%81%AC%EB%A0%88%EC%9D%B4%EC%A7%80-%EB%8C%80%EC%9A%A9%EB%9F%89-%ED%8F%BC%ED%81%B4%EB%A0%8C%EC%A0%B8-500ml/420/category/61/display/1/,그레이멜린,https://graymelin.com/product/11-%ED%81%AC%EB%A0%88%EC%9D%B4%EC%A7%80-%EB%8C%80%EC%9A%A9%EB%9F%89-%ED%8F%BC%ED%81%B4%EB%A0%8C%EC%A0%B8-500ml/420/category/61/display/1/,48,24,1.5833333333333333,116.0,18900.0,mid,foam,0.5,68,96,0.7083333333333334
https://www.torriden.com/goods/goods_view.php?goodsNo=153,토리든,https://www.torriden.com/goods/goods_view.php?goodsNo=153,46,23,1.6304347826086956,109.0,5000.0,low,foam,0.5,63,92,0.6847826086956522
https://eunyul.co.kr/product/%EB%8D%B0%EC%9D%BC%EB%A6%AC-%EC%BC%80%EC%96%B4-%EB%A7%88%EC%9D%BC%EB%93%9C-%EB%B2%84%EB%B8%94-%ED%8F%BC%ED%81%B4%EB%A0%8C%EC%A0%80-500ml/125/category/45/display/1/,은율,https://eunyul.co.kr/product/%EB%8D%B0%EC%9D%BC%EB%A6%AC-%EC%BC%80%EC%96%B4-%EB%A7%88%EC%9D%BC%EB%93%9C-%EB%B2%84%EB%B8%94-%ED%8F%BC%ED%81%B4%EB%A0%8C%EC%A0%80-500ml/125/category/45/display/1/,42,21,1.6666666666666667,98.0,12800.0,low,foam,0.5,56,84,0.6666666666666666
https://themedicube.co.kr/product/detail.html?product_no=1927&cate_no=57&display_group=1,메디큐브,https://themedicube.co.kr/product/detail.html?product_no=1927&cate_no=57&display_group=1,18,9,1.6666666666666667,42.0,21300.0,mid,oil,0.5,24,36,0.6666666666666666
https://medipeel.co.kr/product/detail.html?product_no=2855&cate_no=499&display_group=1,메디필,https://medipeel.co.kr/product/detail.html?product_no=2855&cate_no=499&display_group=1,16,8,1.75,36.0,13500.0,low,oil,0.5,20,32,0.625
https://dalba.co.kr/goods/goods_view.php?goodsNo=1000000096,달바,https://dalba.co.kr/goods/goods_view.php?goodsNo=1000000096,39,19,1.6153846153846154,93.0,28000.0,high,foam,0.48717948717948717,54,78,0.6923076923076923
https://roundlab.co.kr/product/1025-독도-클렌저-150ml/36/,라운드랩,https://roundlab.co.kr/product/1025-독도-클렌저-150ml/36/,29,14,1.5862068965517242,70.0,11700.0,low,cream,0.4827586206896552,41,58,0.7068965517241379
https://www.celltrionmall.com/item/DL2025031243,지피덤,https://www.celltrionmall.com/item/DL2025031243,56,27,1.5535714285714286,137.0,16900.0,mid,foam,0.48214285714285715,81,112,0.7232142857142857
https://www.larocheposay.co.kr/product/view/4397.do?srsltid=AfmBOoqc6tG5OPY9IfcEpE66VJxlweVouBf9zbRX3VxraM4X8pN91Toa,라로슈포제,https://www.larocheposay.co.kr/product/view/4397.do?srsltid=AfmBOoqc6tG5OPY9IfcEpE66VJxlweVouBf9zbRX3VxraM4X8pN91Toa,40,19,1.775,89.0,30000.0,high,gel,0.475,49,80,0.6125
https://droracle.co.kr/product/센텔라바이옴%C2%AE미산성-클렌징폼-120ml/752/,닥터오라클,https://droracle.co.kr/product/센텔라바이옴%C2%AE미산성-클렌징폼-120ml/752/,53,25,1.6037735849056605,127.0,28000.0,high,foam,0.4716981132075472,74,106,0.6981132075471698
https://illiyoon.com/product/detail.html?product_no=275,일리윤,https://illiyoon.com/product/detail.html?product_no=275,49,23,1.7551020408163265,110.0,33600.0,high,foam,0.46938775510204084,61,98,0.6224489795918368
https://tyfmall.co.kr/product/%ED%8F%B4%EB%A3%A8%ED%94%84%EB%A6%AC-55-%EC%95%BD%EC%82%B0%EC%84%B1-%ED%81%B4%EB%A0%8C%EC%A7%95-%ED%8F%BC-120ml/70/category/64/display/1/,땡큐파머,https://tyfmall.co.kr/product/%ED%8F%B4%EB%A3%A8%ED%94%84%EB%A6%AC-55-%EC%95%BD%EC%82%B0%EC%84%B1-%ED%81%B4%EB%A0%8C%EC%A7%95-%ED%8F%BC-120ml/70/category/64/display/1/,54,25,1.6296296296296295,128.0,15300.0,mid,foam,0.46296296296296297,74,108,0.6851851851851852
https://medipeel.co.kr/product/detail.html?product_no=3868&cate_no=499&display_group=1,메디필,https://medipeel.co.kr/product/detail.html?product_no=3868&cate_no=499&display_group=1,24,11,1.75,54.0,28000.0,high,balm,0.4583333333333333,30,48,0.625
https://paparecipe.com/product/%ED%8B%B0%ED%8A%B8%EB%A6%AC-%EC%BB%A8%ED%8A%B8%EB%A1%A4-%ED%81%B4%EB%A0%8C%EC%A7%95-%ED%8F%BC-120ml/1213/category/288/display/1/,파파레서피,https://paparecipe.com/product/%ED%8B%B0%ED%8A%B8%EB%A6%AC-%EC%BB%A8%ED%8A%B8%EB%A1%A4-%ED%81%B4%EB%A0%8C%EC%A7%95-%ED%8F%BC-120ml/1213/category/288/display/1/,46,21,1.7608695652173914,103.0,12000.0,low,foam,0.45652173913043476,57,92,0.6195652173913043
https://www.torriden.com/goods/goods_view.php?goodsNo=154,토리든,https://www.torriden.com/goods/goods_view.php?goodsNo=154,47,21,1.6808510638297873,109.0,5000.0,low,foam,0.44680851063829785,62,94,0.6595744680851063
https://brdy-official.com/product/시카페인-트러블-리셋-클렌징폼/30/,비레디,https://brdy-official.com/product/시카페인-트러블-리셋-클렌징폼/30/,34,15,1.6764705882352942,79.0,19500.0,mid,foam,0.4411764705882353,45,68,0.6617647058823529
https://dewytree.com/product/detail.html?product_no=1087&cate_no=54&display_group=1,듀이트리,https://dewytree.com/product/detail.html?product_no=1087&cate_no=54&display_group=1,16,7,1.75,36.0,24000.0,high,balm,0.4375,20,32,0.625
https://anua.kr/product/detail.html?product_no=463&cate_no=24&display_group=1,아누아,https://anua.kr/product/detail.html?product_no=463&cate_no=24&display_group=1,16,7,1.9375,33.0,16000.0,mid,foam,0.4375,17,32,0.53125
https://dewytree.com/product/detail.html?product_no=610&cate_no=54&display_group=1,듀이트리,https://dewytree.com/product/detail.html?product_no=610&cate_no=54&display_group=1,26,11,1.6923076923076923,60.0,24000.0,high,oil,0.4230769230769231,34,52,0.6538461538461539
https://illumiel.co.kr/product/%EC%9D%BC%EB%A3%A8%EB%AF%B8%EC%97%98-%EB%A7%88%EC%9D%BC%EB%93%9C-%ED%81%B4%EB%A6%AC%EC%96%B4-%EC%88%9C%EC%8B%B9-%ED%81%B4%EB%A0%8C%EC%A7%95-%ED%8F%BC-150ml/28/category/51/display/1/,일루미엘,https://illumiel.co.kr/product/%EC%9D%BC%EB%A3%A8%EB%AF%B8%EC%97%98-%EB%A7%88%EC%9D%BC%EB%93%9C-%ED%81%B4%EB%A6%AC%EC%96%B4-%EC%88%9C%EC%8B%B9-%ED%81%B4%EB%A0%8C%EC%A7%95-%ED%8F%BC-150ml/28/category/51/display/1/,64,27,1.734375,145.0,10000.0,low,foam,0.421875,81,128,0.6328125
https://www.innisfree.com/kr/ko/dp/product/35276,이니스프리,https://www.innisfree.com/kr/ko/dp/product/35276,50,21,1.68,116.0,8000.0,low,foam,0.42,66,100,0.66
https://www.torriden.com/goods/goods_view.php?goodsNo=209,토리든,https://www.torriden.com/goods/goods_view.php?goodsNo=209,31,13,1.8387096774193548,67.0,5000.0,low,foam,0.41935483870967744,36,62,0.5806451612903226
https://eunyul.co.kr/product/%EB%8D%B0%EC%9D%BC%EB%A6%AC-%EC%BC%80%EC%96%B4-%ED%93%A8%EC%96%B4-%EB%B2%84%EB%B8%94-%ED%8F%BC%ED%81%B4%EB%A0%8C%EC%A0%80-500ml/103/category/45/display/1/,은율,https://eunyul.co.kr/product/%EB%8D%B0%EC%9D%BC%EB%A6%AC-%EC%BC%80%EC%96%B4-%ED%93%A8%EC%96%B4-%EB%B2%84%EB%B8%94-%ED%8F%BC%ED%81%B4%EB%A0%8C%EC%A0%80-500ml/103/category/45/display/1/,53,22,1.7735849056603774,118.0,12800.0,low,foam,0.41509433962264153,65,106,0.6132075471698113
https://anua.kr/product/detail.html?product_no=214,아누아,https://anua.kr/product/detail.html?product_no=214,27,11,1.962962962962963,55.0,33000.0,high,oil,0.4074074074074074,28,54,0.5185185185185185
https://www.sidmool.com/shop/shopdetail.html?branduid=55&xcode=022&mcode=001&scode=&type=X&sort=sellcnt&current_category=022001&GfDT=bm9%2BW18%3D,시드물,https://www.sidmool.com/shop/shopdetail.html?branduid=55&xcode=022&mcode=001&scode=&type=X&sort=sellcnt&current_category=022001&GfDT=bm9%2BW18%3D,32,13,1.65625,75.0,25000.0,high,foam,0.40625,43,64,0.671875
https://odeloi.com/product/%EB%9D%BC%EC%A6%88%EB%B2%A0%EB%A6%AC-%EC%82%B4%EB%A6%AC%EC%8B%A4%EC%82%B0-%ED%8F%BC%ED%81%B4%EB%A0%8C%EC%A7%95/30/category/58/display/1/,오드로이,https://odeloi.com/product/%EB%9D%BC%EC%A6%88%EB%B2%A0%EB%A6%AC-%EC%82%B4%EB%A6%AC%EC%8B%A4%EC%82%B0-%ED%8F%BC%ED%81%B4%EB%A0%8C%EC%A7%95/30/category/58/display/1/,57,23,1.736842105263158,129.0,18500.0,mid,foam,0.40350877192982454,72,114,0.631578947368421
https://medipeel.co.kr/product/detail.html?product_no=2688&cate_no=499&display_group=1,메디필,https://medipeel.co.kr/product/detail.html?product_no=2688&cate_no=499&display_group=1,20,8,1.8,44.0,9900.0,low,foam,0.4,24,40,0.6
https://www.beplain.co.kr/shop/shopdetail.html?branduid=10739138&xcode=013&mcode=001&scode=&type=Y&sort=manual&current_category=013001&search=&GfDT=bmt8W1o%3D,비플레인,https://www.beplain.co.kr/shop/shopdetail.html?branduid=10739138&xcode=013&mcode=001&scode=&type=Y&sort=manual&current_category=013001&search=&GfDT=bmt8W1o%3D,35,14,1.8571428571428572,75.0,37800.0,high,foam,0.4,40,70,0.5714285714285714
https://lagom.kr/product/detail.html?product_no=572&cate_no=69&display_group=1,라곰,https://lagom.kr/product/detail.html?product_no=572&cate_no=69&display_group=1,15,6,1.8666666666666667,32.0,19000.0,mid,foam,0.4,17,30,0.5666666666666667
https://www.theskinfood.com/shop/shopdetail.html?branduid=10321966&search=%ED%8F%BC&sort=order&xcode=005&mcode=042&scode=&GfDT=bml9W1Q%3D#,스킨푸드,https://www.theskinfood.com/shop/shopdetail.html?branduid=10321966&search=%ED%8F%BC&sort=order&xcode=005&mcode=042&scode=&GfDT=bml9W1Q%3D#,38,15,1.7894736842105263,84.0,16000.0,mid,foam,0.39473684210526316,46,76,0.6052631578947368
https://www.edkshop.com/product/detail.html?product_no=537&cate_no=203&display_group=1,센텔리안24,https://www.edkshop.com/product/detail.html?product_no=537&cate_no=203&display_group=1,46,18,1.8695652173913044,98.0,25900.0,high,foam,0.391304347826087,52,92,0.5652173913043478
https://roundlab.co.kr/product/detail.html?product_no=140,라운드랩,https://roundlab.co.kr/product/detail.html?product_no=140,41,16,1.7560975609756098,92.0,11700.0,low,cream,0.3902439024390244,51,82,0.6219512195121951
https://medipeel.co.kr/product/detail.html?product_no=2739&cate_no=499&display_group=1,메디필,https://medipeel.co.kr/product/detail.html?product_no=2739&cate_no=499&display_group=1,18,7,1.7777777777777777,40.0,9900.0,low,gel,0.3888888888888889,22,36,0.6111111111111112
https://anua.kr/product/detail.html?product_no=432&cate_no=24&display_group=1,아누아,https://anua.kr/product/detail.html?product_no=432&cate_no=24&display_group=1,36,14,1.9722222222222223,73.0,14000.0,low,foam,0.3888888888888889,37,72,0.5138888888888888
https://imfrom.co.kr/product/detail.html?product_no=205&cate_no=175&display_group=1,아임프롬,https://imfrom.co.kr/product/detail.html?product_no=205&cate_no=175&display_group=1,26,10,1.8076923076923077,57.0,28000.0,high,oil,0.38461538461538464,31,52,0.5961538461538461
https://aprilskin.com/product/detail.html?product_no=957,에이프릴스킨,https://aprilskin.com/product/detail.html?product_no=957,52,20,1.9230769230769231,108.0,18200.0,mid,foam,0.38461538461538464,56,104,0.5384615384615384
https://m.bentoncosmetic.com/product/%EB%B2%A4%ED%8A%BC-ac-%EB%B0%94%ED%95%98-%ED%8F%BC-%ED%81%B4%EB%A0%8C%EC%A7%95-120ml-%EC%95%BD%EC%82%B0%EC%84%B1-bha-%EB%AF%B8%EC%82%B0%EC%84%B1-%ED%94%BC%EB%B6%80%EA%B3%BC-%EB%94%A5-%ED%81%B4%EB%A0%8C%EC%A0%80-%EC%84%B8%EC%95%88%EC%A0%9C/689/category/188/display/1/#enp_mbris,벤튼,https://m.bentoncosmetic.com/product/%EB%B2%A4%ED%8A%BC-ac-%EB%B0%94%ED%95%98-%ED%8F%BC-%ED%81%B4%EB%A0%8C%EC%A7%95-120ml-%EC%95%BD%EC%82%B0%EC%84%B1-bha-%EB%AF%B8%EC%82%B0%EC%84%B1-%ED%94%BC%EB%B6%80%EA%B3%BC-%EB%94%A5-%ED%81%B4%EB%A0%8C%EC%A0%80-%EC%84%B8%EC%95%88%EC%A0%9C/689/category/188/display/1/#enp_mbris,37,14,1.8108108108108107,81.0,13900.0,low,foam,0.3783783783783784,44,74,0.5945945945945946
https://www.cosrx.co.kr/shop/shopdetail.html?branduid=1176799&xcode=070&mcode=001&scode=002,코스알엑스,https://www.cosrx.co.kr/shop/shopdetail.html?branduid=1176799&xcode=070&mcode=001&scode=002,37,14,1.837837837837838,80.0,9750.0,low,foam,0.3783783783783784,43,74,0.581081081081081
https://imfrom.co.kr/product/detail.html?product_no=215&cate_no=175&display_group=1,아임프롬,https://imfrom.co.kr/product/detail.html?product_no=215&cate_no=175&display_group=1,16,6,1.75,36.0,18000.0,mid,gel,0.375,20,32,0.625
https://pdrnmall.co.kr/product/리쥬란-리파이닝-폼-클렌저-120ml/558/,리쥬란,https://pdrnmall.co.kr/product/리쥬란-리파이닝-폼-클렌저-120ml/558/,51,19,1.7843137254901962,113.0,25000.0,high,foam,0.37254901960784315,62,102,0.6078431372549019
https://banila.com/product/detail.html?product_no=1154&cate_no=214&display_group=1,바닐라코,https://banila.com/product/detail.html?product_no=1154&cate_no=214&display_group=1,27,10,2.0,54.0,28000.0,high,balm,0.37037037037037035,27,54,0.5
https://www.torriden.com/goods/goods_view.php?goodsNo=263,토리든,https://www.torriden.com/goods/goods_view.php?goodsNo=263,38,14,1.9736842105263157,77.0,5000.0,low,water,0.3684210526315789,39,76,0.5131578947368421
https://banila.com/product/detail.html?product_no=687&cate_no=214&display_group=1,바닐라코,https://banila.com/product/detail.html?product_no=687&cate_no=214&display_group=1,33,12,1.7272727272727273,75.0,12000.0,low,foam,0.36363636363636365,42,66,0.6363636363636364
https://imfrom.co.kr/product/detail.html?product_no=234&cate_no=175&display_group=1,아임프롬,https://imfrom.co.kr/product/detail.html?product_no=234&cate_no=175&display_group=1,22,8,1.8181818181818181,48.0,18000.0,mid,unknown,0.36363636363636365,26,44,0.5909090909090909
https://9wishes.co.kr/product/%EB%9D%BC%EC%9D%B4%EC%8A%A4-%ED%8F%AC%EB%B0%8D-%ED%81%B4%EB%A0%8C%EC%A0%80/98/category/78/display/1/,나인위시스,https://9wishes.co.kr/product/%EB%9D%BC%EC%9D%B4%EC%8A%A4-%ED%8F%AC%EB%B0%8D-%ED%81%B4%EB%A0%8C%EC%A0%80/98/category/78/display/1/,47,17,1.8085106382978724,103.0,17600.0,mid,foam,0.3617021276595745,56,94,0.5957446808510638
https://lagom.kr/product/detail.html?product_no=9&cate_no=86&display_group=1,라곰,https://lagom.kr/product/detail.html?product_no=9&cate_no=86&display_group=1,36,13,1.8055555555555556,79.0,18000.0,mid,foam,0.3611111111111111,43,72,0.5972222222222222
https://9wishes.co.kr/product/%EB%8D%94%EB%A7%88%ED%8B%B1-%EC%8B%9C%EC%B9%B4-%ED%8F%BC%ED%81%B4%EB%A0%8C%EC%A0%80/162/category/78/display/1/,나인위시스,https://9wishes.co.kr/product/%EB%8D%94%EB%A7%88%ED%8B%B1-%EC%8B%9C%EC%B9%B4-%ED%8F%BC%ED%81%B4%EB%A0%8C%EC%A0%80/162/category/78/display/1/,50,18,1.82,109.0,15400.0,mid,foam,0.36,59,100,0.59
https://lagom.kr/product/detail.html?product_no=329&cate_no=86&display_group=1,라곰,https://lagom.kr/product/detail.html?product_no=329&cate_no=86&display_group=1,25,9,1.84,54.0,8500.0,low,water,0.36,29,50,0.58
https://medipeel.co.kr/product/detail.html?product_no=2755&cate_no=499&display_group=1,메디필,https://medipeel.co.kr/product/detail.html?product_no=2755&cate_no=499&display_group=1,28,10,1.75,63.0,9900.0,low,gel,0.35714285714285715,35,56,0.625
https://medipeel.co.kr/product/detail.html?product_no=2834&cate_no=499&display_group=1,메디필,https://medipeel.co.kr/product/detail.html?product_no=2834&cate_no=499&display_group=1,32,11,1.96875,65.0,18700.0,mid,unknown,0.34375,33,64,0.515625
https://medisection.com/product/detail.html?product_no=8312,메디섹션넘버,https://medisection.com/product/detail.html?product_no=8312,41,14,1.853658536585366,88.0,22000.0,high,foam,0.34146341463414637,47,82,0.573170731707317
https://m.bentoncosmetic.com/product/%EB%B2%A4%ED%8A%BC-%EA%B9%8A%EC%9D%80-%EB%85%B9%EC%B0%A8-%ED%81%B4%EB%A0%8C%EC%A7%95%ED%8F%BC-120g/412/category/188/display/1/#enp_mbris,벤튼,https://m.bentoncosmetic.com/product/%EB%B2%A4%ED%8A%BC-%EA%B9%8A%EC%9D%80-%EB%85%B9%EC%B0%A8-%ED%81%B4%EB%A0%8C%EC%A7%95%ED%8F%BC-120g/412/category/188/display/1/#enp_mbris,27,9,1.8888888888888888,57.0,10000.0,low,foam,0.3333333333333333,30,54,0.5555555555555556
https://anua.kr/product/detail.html?product_no=335&cate_no=24&display_group=1,아누아,https://anua.kr/product/detail.html?product_no=335&cate_no=24&display_group=1,24,8,1.9583333333333333,49.0,13500.0,low,gel,0.3333333333333333,25,48,0.5208333333333334
https://www.thefaceshop.com/mall/product/product-view.jsp?dpid=AF013656,닥터벨머,https://www.thefaceshop.com/mall/product/product-view.jsp?dpid=AF013656,60,20,2.0,120.0,8000.0,low,foam,0.3333333333333333,60,120,0.5
https://anua.kr/product/detail.html?product_no=420,아누아,https://anua.kr/product/detail.html?product_no=420,43,14,1.8837209302325582,91.0,19200.0,mid,balm,0.32558139534883723,48,86,0.5581395348837209
https://biodance.co.kr/product/콜라겐-팩-투-폼-클렌저/335/,바이오던스,https://biodance.co.kr/product/콜라겐-팩-투-폼-클렌저/335/,40,13,1.9,84.0,22000.0,high,foam,0.325,44,80,0.55
https://lagom.kr/product/detail.html?product_no=328&cate_no=86&display_group=1,라곰,https://lagom.kr/product/detail.html?product_no=328&cate_no=86&display_group=1,25,8,2.12,47.0,4000.0,low,gel,0.32,22,50,0.44
https://fation.co.kr/product/2023-%ED%99%94%ED%95%B4-%EC%97%AC%EB%93%9C%EB%A6%84-%EA%B8%B0%EB%8A%A5%EC%84%B1-%ED%81%B4%EB%A0%8C%EC%A7%95%ED%8F%BC-1%EC%9C%84-%EB%85%B8%EC%8A%A4%EC%B9%B4%EB%82%98%EC%9D%B8-%ED%8A%B8%EB%9F%AC%EB%B8%94-%ED%81%B4%EB%A0%8C%EC%A7%95-%ED%8F%BC-150ml/663/category/101/display/1/,파티온,https://fation.co.kr/product/2023-%ED%99%94%ED%95%B4-%EC%97%AC%EB%93%9C%EB%A6%84-%EA%B8%B0%EB%8A%A5%EC%84%B1-%ED%81%B4%EB%A0%8C%EC%A7%95%ED%8F%BC-1%EC%9C%84-%EB%85%B8%EC%8A%A4%EC%B9%B4%EB%82%98%EC%9D%B8-%ED%8A%B8%EB%9F%AC%EB%B8%94-%ED%81%B4%EB%A0%8C%EC%A7%95-%ED%8F%BC-150ml/663/category/101/display/1/,47,15,1.7659574468085106,105.0,22000.0,high,foam,0.3191489361702128,58,94,0.6170212765957447
https://telse.co.kr/product/%ED%99%94%EC%9D%B4%ED%8A%B8-%ED%8B%B0%ED%8A%B8%EB%A6%AC-%EC%95%84%ED%81%AC-%ED%94%8C%EB%9F%AC%EC%8A%A4-%ED%81%B4%EB%A0%8C%EC%A7%95-%ED%8F%BC-150ml/121/category/70/display/1/,티엘스,https://telse.co.kr/product/%ED%99%94%EC%9D%B4%ED%8A%B8-%ED%8B%B0%ED%8A%B8%EB%A6%AC-%EC%95%84%ED%81%AC-%ED%94%8C%EB%9F%AC%EC%8A%A4-%ED%81%B4%EB%A0%8C%EC%A7%95-%ED%8F%BC-150ml/121/category/70/display/1/,38,12,2.026315789473684,75.0,15300.0,mid,foam,0.3157894736842105,37,76,0.4868421052631579
https://anua.kr/product/detail.html?product_no=321&cate_no=24&display_group=1,아누아,https://anua.kr/product/detail.html?product_no=321&cate_no=24&display_group=1,35,11,1.9714285714285715,71.0,14800.0,low,water,0.3142857142857143,36,70,0.5142857142857142
https://m.bentoncosmetic.com/product/detail.html?product_no=558&cate_no=188&display_group=1,벤튼,https://m.bentoncosmetic.com/product/detail.html?product_no=558&cate_no=188&display_group=1,35,11,2.085714285714286,67.0,26000.0,high,unknown,0.3142857142857143,32,70,0.45714285714285713
https://medipeel.co.kr/product/detail.html?product_no=2904&cate_no=499&display_group=1,메디필,https://medipeel.co.kr/product/detail.html?product_no=2904&cate_no=499&display_group=1,16,5,1.8125,35.0,19400.0,mid,oil,0.3125,19,32,0.59375
https://lagom.kr/product/detail.html?product_no=484&cate_no=86&display_group=1,라곰,https://lagom.kr/product/detail.html?product_no=484&cate_no=86&display_group=1,42,13,1.9285714285714286,87.0,22000.0,high,oil,0.30952380952380953,45,84,0.5357142857142857
https://pioom.co.kr/product/%EC%8A%A4%ED%82%A8%EB%B0%94%EB%A6%AC%EC%8A%A4%ED%83%80-%EC%8C%80%EA%B2%A8-%ED%81%B4%EB%A0%8C%EC%A7%95-%ED%8F%BC-500ml/226/category/12/display/1/,스킨바리스타,https://pioom.co.kr/product/%EC%8A%A4%ED%82%A8%EB%B0%94%EB%A6%AC%EC%8A%A4%ED%83%80-%EC%8C%80%EA%B2%A8-%ED%81%B4%EB%A0%8C%EC%A7%95-%ED%8F%BC-500ml/226/category/12/display/1/,53,16,1.9245283018867925,110.0,23000.0,high,foam,0.3018867924528302,57,106,0.5377358490566038
https://medipeel.co.kr/product/detail.html?product_no=2391&cate_no=499&display_group=1,메디필,https://medipeel.co.kr/product/detail.html?product_no=2391&cate_no=499&display_group=1,31,9,2.161290322580645,57.0,24000.0,high,powder,0.2903225806451613,26,62,0.41935483870967744
https://medihealshop.com/product/더마-크림-팩-클렌저마데카소사이드-진정-장벽/1659/,메디힐,https://medihealshop.com/product/더마-크림-팩-클렌저마데카소사이드-진정-장벽/1659/,52,15,1.9807692307692308,105.0,16400.0,mid,unknown,0.28846153846153844,53,104,0.5096153846153846
https://www.theskinfood.com/shop/shopdetail.html?branduid=10322201&search=%ED%8F%BC&sort=order&xcode=008&mcode=000&scode=&GfDT=aWV%2B,스킨푸드,https://www.theskinfood.com/shop/shopdetail.html?branduid=10322201&search=%ED%8F%BC&sort=order&xcode=008&mcode=000&scode=&GfDT=aWV%2B,42,12,2.0952380952380953,80.0,16000.0,mid,foam,0.2857142857142857,38,84,0.4523809523809524
https://banobagicosmetic.com/product/detail.html?product_no=201&cate_no=83&display_group=1&cafe_mkt=naver_ks&mkt_in=Y&ghost_mall_id=naver&ref=naver_open&NaPm=ct%3Dmovaa0i0%7Cci%3D85a879e9a8204140caf6a26842e5306d8237ce28%7Ctr%3Dsls%7Csn%3D744786%7Chk%3Da31bc97d8c26303004523e08350585fc64769f90,바노바기,https://banobagicosmetic.com/product/detail.html?product_no=201&cate_no=83&display_group=1&cafe_mkt=naver_ks&mkt_in=Y&ghost_mall_id=naver&ref=naver_open&NaPm=ct%3Dmovaa0i0%7Cci%3D85a879e9a8204140caf6a26842e5306d8237ce28%7Ctr%3Dsls%7Csn%3D744786%7Chk%3Da31bc97d8c26303004523e08350585fc64769f90,40,11,2.05,78.0,17600.0,mid,foam,0.275,38,80,0.475
https://www.theskinfood.com/shop/shopdetail.html?branduid=1464&search=%ED%8F%BC&sort=order&xcode=005&mcode=034&scode=&GfDT=bG53VQ%3D%3D,스킨푸드,https://www.theskinfood.com/shop/shopdetail.html?branduid=1464&search=%ED%8F%BC&sort=order&xcode=005&mcode=034&scode=&GfDT=bG53VQ%3D%3D,44,12,2.1136363636363638,83.0,11000.0,low,foam,0.2727272727272727,39,88,0.4431818181818182
https://boldformula.com/product/%ED%99%94%ED%95%B4-1%EC%9C%84-%ED%94%BC%EC%A7%80-%ED%9D%A1%EC%B0%A9-%EC%97%AC%EB%93%9C%EB%A6%84-%EA%B8%B0%EB%8A%A5%EC%84%B1-%ED%81%B4%EB%A0%8C%EC%A7%95-%ED%8F%BC/40/category/46/display/1/,볼드포뮬러,https://boldformula.com/product/%ED%99%94%ED%95%B4-1%EC%9C%84-%ED%94%BC%EC%A7%80-%ED%9D%A1%EC%B0%A9-%EC%97%AC%EB%93%9C%EB%A6%84-%EA%B8%B0%EB%8A%A5%EC%84%B1-%ED%81%B4%EB%A0%8C%EC%A7%95-%ED%8F%BC/40/category/46/display/1/,22,6,2.1818181818181817,40.0,32300.0,high,foam,0.2727272727272727,18,44,0.4090909090909091
https://themedicube.co.kr/product/유튜버-pick-제로-폼-클렌저/356,메디큐브,https://themedicube.co.kr/product/유튜버-pick-제로-폼-클렌저/356,41,11,2.024390243902439,81.0,17500.0,mid,foam,0.2682926829268293,40,82,0.4878048780487805
https://illiyoon.com/product/detail.html?product_no=276,일리윤,https://illiyoon.com/product/detail.html?product_no=276,46,12,2.0652173913043477,89.0,18900.0,mid,oil,0.2608695652173913,43,92,0.4673913043478261
https://m.bentoncosmetic.com/product/%EB%B2%A4%ED%8A%BC-%EC%96%B4%EB%8B%88%EC%8A%A4%ED%8A%B8-%ED%81%B4%EB%A0%8C%EC%A7%95%ED%8F%BC-150g-%EB%B9%84%EA%B1%B4/17/category/188/display/1/#enp_mbris,벤튼,https://m.bentoncosmetic.com/product/%EB%B2%A4%ED%8A%BC-%EC%96%B4%EB%8B%88%EC%8A%A4%ED%8A%B8-%ED%81%B4%EB%A0%8C%EC%A7%95%ED%8F%BC-150g-%EB%B9%84%EA%B1%B4/17/category/188/display/1/#enp_mbris,39,10,2.076923076923077,75.0,9000.0,low,foam,0.2564102564102564,36,78,0.46153846153846156
https://themedicube.co.kr/product/detail.html?product_no=2304&cate_no=44&display_group=1,메디큐브,https://themedicube.co.kr/product/detail.html?product_no=2304&cate_no=44&display_group=1,20,5,1.8,44.0,21300.0,mid,foam,0.25,24,40,0.6
https://banila.com/product/detail.html?product_no=682,바닐라코,https://banila.com/product/detail.html?product_no=682,24,6,1.8333333333333333,52.0,16000.0,mid,foam,0.25,28,48,0.5833333333333334
https://medipeel.co.kr/product/detail.html?product_no=2821&cate_no=499&display_group=1,메디필,https://medipeel.co.kr/product/detail.html?product_no=2821&cate_no=499&display_group=1,12,3,1.8333333333333333,26.0,19800.0,mid,oil,0.25,14,24,0.5833333333333334
https://medipeel.co.kr/product/detail.html?product_no=3916&cate_no=728&display_group=1,메디필,https://medipeel.co.kr/product/detail.html?product_no=3916&cate_no=728&display_group=1,24,6,1.875,51.0,30000.0,high,gel,0.25,27,48,0.5625
https://themedicube.co.kr/product/detail.html?product_no=356&cate_no=44&display_group=1,메디큐브,https://themedicube.co.kr/product/detail.html?product_no=356&cate_no=44&display_group=1,28,7,1.9285714285714286,58.0,17500.0,mid,foam,0.25,30,56,0.5357142857142857
https://m.bentoncosmetic.com/product/detail.html?product_no=885&cate_no=188&display_group=1,벤튼,https://m.bentoncosmetic.com/product/detail.html?product_no=885&cate_no=188&display_group=1,20,5,1.95,41.0,17500.0,mid,oil,0.25,21,40,0.525
https://anua.kr/product/detail.html?product_no=348,아누아,https://anua.kr/product/detail.html?product_no=348,44,11,2.0,88.0,21600.0,high,unknown,0.25,44,88,0.5
https://jmsolution.com/product/솔루션-pdrn-클렌징-폼-120ml-2개-세트/3413/,제이엠솔루션,https://jmsolution.com/product/솔루션-pdrn-클렌징-폼-120ml-2개-세트/3413/,56,14,2.0,112.0,10900.0,low,foam,0.25,56,112,0.5
https://eunyul.co.kr/product/%EB%8D%B0%EC%9D%BC%EB%A6%AC-%EC%BC%80%EC%96%B4-%EB%94%A5-%EB%B2%84%EB%B8%94-%ED%8F%BC%ED%81%B4%EB%A0%8C%EC%A0%80-500ml/117/category/45/display/1/,은율,https://eunyul.co.kr/product/%EB%8D%B0%EC%9D%BC%EB%A6%AC-%EC%BC%80%EC%96%B4-%EB%94%A5-%EB%B2%84%EB%B8%94-%ED%8F%BC%ED%81%B4%EB%A0%8C%EC%A0%80-500ml/117/category/45/display/1/,48,12,2.0625,93.0,12800.0,low,foam,0.25,45,96,0.46875
https://roundlab.co.kr/product/detail.html?product_no=160,라운드랩,https://roundlab.co.kr/product/detail.html?product_no=160,33,8,2.0606060606060606,64.0,18000.0,mid,cream,0.24242424242424243,31,66,0.4696969696969697
https://www.iaso.co.kr/shop/shopdetail.html?branduid=2542486&xcode=005&mcode=001&scode=&type=Y&sort=manual&current_category=005001&search=&GfDT=bm95W1U%3D,이아소,https://www.iaso.co.kr/shop/shopdetail.html?branduid=2542486&xcode=005&mcode=001&scode=&type=Y&sort=manual&current_category=005001&search=&GfDT=bm95W1U%3D,33,8,2.1515151515151514,61.0,19000.0,mid,foam,0.24242424242424243,28,66,0.42424242424242425
https://medihealshop.com/product/밀도-보습-히알루론산-클렌저-120ml/1520/,메디힐,https://medihealshop.com/product/밀도-보습-히알루론산-클렌저-120ml/1520/,44,10,2.159090909090909,81.0,9900.0,low,unknown,0.22727272727272727,37,88,0.42045454545454547
https://stridex.co.kr/37/?idx=191,스트라이덱스,https://stridex.co.kr/37/?idx=191,34,7,2.2941176470588234,58.0,9900.0,low,foam,0.20588235294117646,24,68,0.35294117647058826
https://themedicube.co.kr/product/detail.html?product_no=2592&cate_no=308&display_group=1,메디큐브,https://themedicube.co.kr/product/detail.html?product_no=2592&cate_no=308&display_group=1,39,8,2.1025641025641026,74.0,17500.0,mid,foam,0.20512820512820512,35,78,0.44871794871794873
https://www.edkshop.com/product/detail.html?product_no=274&cate_no=132&display_group=1,이디케이,https://www.edkshop.com/product/detail.html?product_no=274&cate_no=132&display_group=1,26,5,2.1923076923076925,47.0,12500.0,low,foam,0.19230769230769232,21,52,0.40384615384615385
https://graymelin.com/product/%EC%95%84%EB%A5%B4%EA%B0%84-%EC%98%A4%EC%9D%BC-%ED%81%B4%EB%A0%8C%EC%A7%95-%ED%8F%BC-300ml/541/category/61/display/1/,그레이멜린,https://graymelin.com/product/%EC%95%84%EB%A5%B4%EA%B0%84-%EC%98%A4%EC%9D%BC-%ED%81%B4%EB%A0%8C%EC%A7%95-%ED%8F%BC-300ml/541/category/61/display/1/,37,7,2.1621621621621623,68.0,18000.0,mid,foam,0.1891891891891892,31,74,0.4189189189189189
https://clubclio.co.kr/shop/goodsView/0000005420#page1&id=0000005420,구달,https://clubclio.co.kr/shop/goodsView/0000005420#page1&id=0000005420,37,7,2.189189189189189,67.0,15000.0,mid,foam,0.1891891891891892,30,74,0.40540540540540543
https://ohui.com/product/익스트림-브라이트-클렌징-폼-160ml/193/,오휘,https://ohui.com/product/익스트림-브라이트-클렌징-폼-160ml/193/,39,7,2.1794871794871793,71.0,36000.0,high,foam,0.1794871794871795,32,78,0.41025641025641024
https://www.iaso.co.kr/shop/shopdetail.html?branduid=44&xcode=005&mcode=001&scode=&type=Y&sort=manual&current_category=005001&search=&GfDT=bm19W1o%3D,이아소,https://www.iaso.co.kr/shop/shopdetail.html?branduid=44&xcode=005&mcode=001&scode=&type=Y&sort=manual&current_category=005001&search=&GfDT=bm19W1o%3D,45,8,2.2,81.0,35000.0,high,foam,0.17777777777777778,36,90,0.4
https://banila.com/product/detail.html?product_no=689&cate_no=214&display_group=1,바닐라코,https://banila.com/product/detail.html?product_no=689&cate_no=214&display_group=1,36,6,2.1944444444444446,65.0,24000.0,high,balm,0.16666666666666666,29,72,0.4027777777777778
https://www.isoi.co.kr/product/goods_detail?goods_no=993,아이소이,https://www.isoi.co.kr/product/goods_detail?goods_no=993,43,7,2.2093023255813953,77.0,64000.0,high,foam,0.16279069767441862,34,86,0.3953488372093023
https://blancnature.co.kr/product/best-%EC%97%AC%EB%93%9C%EB%A6%84-%EA%B8%B0%EB%8A%A5%EC%84%B1-%ED%81%B4%EB%A0%8C%EC%A7%95%ED%8F%BC-150ml/13/category/45/display/1/,블랑네이처,https://blancnature.co.kr/product/best-%EC%97%AC%EB%93%9C%EB%A6%84-%EA%B8%B0%EB%8A%A5%EC%84%B1-%ED%81%B4%EB%A0%8C%EC%A7%95%ED%8F%BC-150ml/13/category/45/display/1/,37,6,2.2162162162162162,66.0,23800.0,high,foam,0.16216216216216217,29,74,0.3918918918918919
https://paparecipe.com/product/블레미쉬-효소-파우더-클렌저-50g/986/,파파레서피,https://paparecipe.com/product/블레미쉬-효소-파우더-클렌저-50g/986/,44,7,2.1136363636363638,83.0,18000.0,mid,powder,0.1590909090909091,39,88,0.4431818181818182
https://onething.kr/product/%ED%9E%88%EC%95%8C%EB%A3%A8%EB%A1%9C%EB%8B%89-%EC%8A%A4%EC%BF%A0%EC%95%8C%EB%9E%80-%ED%81%B4%EB%A0%8C%EC%A7%95-%ED%8F%BC-120ml/494/category/1/display/7/?icid=MAIN.product_listmain_6,원씽,https://onething.kr/product/%ED%9E%88%EC%95%8C%EB%A3%A8%EB%A1%9C%EB%8B%89-%EC%8A%A4%EC%BF%A0%EC%95%8C%EB%9E%80-%ED%81%B4%EB%A0%8C%EC%A7%95-%ED%8F%BC-120ml/494/category/1/display/7/?icid=MAIN.product_listmain_6,63,10,2.142857142857143,117.0,15000.0,mid,foam,0.15873015873015872,54,126,0.42857142857142855
https://anua.kr/product/detail.html?product_no=330&cate_no=24&display_group=1,아누아,https://anua.kr/product/detail.html?product_no=330&cate_no=24&display_group=1,26,4,2.269230769230769,45.0,13500.0,low,unknown,0.15384615384615385,19,52,0.36538461538461536
https://m.isntree.com/product/%EC%B0%B8%EB%A7%88-%EB%B9%84%EA%B1%B4-%EC%95%BD%EC%82%B0%EC%84%B1-%ED%81%B4%EB%A0%8C%EC%A0%80-120ml/551/category/53/display/1/,이즈앤트리,https://m.isntree.com/product/%EC%B0%B8%EB%A7%88-%EB%B9%84%EA%B1%B4-%EC%95%BD%EC%82%B0%EC%84%B1-%ED%81%B4%EB%A0%8C%EC%A0%80-120ml/551/category/53/display/1/,46,7,2.4130434782608696,73.0,16000.0,mid,unknown,0.15217391304347827,27,92,0.29347826086956524
https://cellfusionc.co.kr/product/약산성-패리어-클렌징폼-165ml/267/,셀퓨전씨,https://cellfusionc.co.kr/product/약산성-패리어-클렌징폼-165ml/267/,34,5,2.235294117647059,60.0,10900.0,low,foam,0.14705882352941177,26,68,0.38235294117647056
https://pyunkangyul.com/product/%EC%A7%84%EC%A0%95-%EC%95%84%ED%81%AC%EB%84%A4-%ED%81%B4%EB%A0%8C%EC%A7%95%ED%8F%BC-100ml/374/category/231/display/1/,편강율,https://pyunkangyul.com/product/%EC%A7%84%EC%A0%95-%EC%95%84%ED%81%AC%EB%84%A4-%ED%81%B4%EB%A0%8C%EC%A7%95%ED%8F%BC-100ml/374/category/231/display/1/,34,5,2.235294117647059,60.0,9900.0,low,foam,0.14705882352941177,26,68,0.38235294117647056
https://medipeel.co.kr/product/detail.html?product_no=3240&cate_no=499&display_group=1,메디필,https://medipeel.co.kr/product/detail.html?product_no=3240&cate_no=499&display_group=1,14,2,2.0,28.0,10900.0,low,balm,0.14285714285714285,14,28,0.5
https://myrealbarrier.co.kr/product/detail.html?product_no=87&cate_no=48&display_group=1,리얼베리어,https://myrealbarrier.co.kr/product/detail.html?product_no=87&cate_no=48&display_group=1,28,4,2.3214285714285716,47.0,59800.0,high,foam,0.14285714285714285,19,56,0.3392857142857143
https://themedicube.co.kr/product/detail.html?product_no=21&cate_no=44&display_group=1,메디큐브,https://themedicube.co.kr/product/detail.html?product_no=21&cate_no=44&display_group=1,37,5,2.2432432432432434,65.0,16700.0,mid,foam,0.13513513513513514,28,74,0.3783783783783784
https://www.cosrx.co.kr/shop/shopdetail.html?branduid=1176192&search=%C5%AC%B7%BB%C0%FA&sort=sellcnt&xcode=019&mcode=000&scode=&GfDT=bGh3Uw%3D%3D,코스알엑스,https://www.cosrx.co.kr/shop/shopdetail.html?branduid=1176192&search=%C5%AC%B7%BB%C0%FA&sort=sellcnt&xcode=019&mcode=000&scode=&GfDT=bGh3Uw%3D%3D,30,4,2.3,51.0,10400.0,low,foam,0.13333333333333333,21,60,0.35
https://purek.co.kr/product/detail.html?product_no=10&cate_no=25&display_group=1,퓨어케이,https://purek.co.kr/product/detail.html?product_no=10&cate_no=25&display_group=1,30,4,2.3333333333333335,50.0,11400.0,low,foam,0.13333333333333333,20,60,0.3333333333333333
https://clubclio.co.kr/shop/goodsView/0000005485,클럽클리오,https://clubclio.co.kr/shop/goodsView/0000005485,38,5,2.3157894736842106,64.0,35000.0,high,foam,0.13157894736842105,26,76,0.34210526315789475
https://www.oliveyoung.co.kr/store/goods/getGoodsDetail.do?goodsNo=A000000180508&t_page=%EB%B8%8C%EB%9E%9C%EB%93%9C%EA%B4%80&t_click=%EB%B2%A0%EC%8A%A4%ED%8A%B8+%EB%9E%AD%ED%82%B9&t_number=1&dispCatNo=1000001001000010003&trackingCd=Brand_BestRanking_Product,블라이드,https://www.oliveyoung.co.kr/store/goods/getGoodsDetail.do?goodsNo=A000000180508&t_page=%EB%B8%8C%EB%9E%9C%EB%93%9C%EA%B4%80&t_click=%EB%B2%A0%EC%8A%A4%ED%8A%B8+%EB%9E%AD%ED%82%B9&t_number=1&dispCatNo=1000001001000010003&trackingCd=Brand_BestRanking_Product,38,5,2.3421052631578947,63.0,16800.0,mid,foam,0.13157894736842105,25,76,0.32894736842105265
https://themedicube.co.kr/product/detail.html?product_no=2360&cate_no=44&display_group=1,메디큐브,https://themedicube.co.kr/product/detail.html?product_no=2360&cate_no=44&display_group=1,8,1,2.0,16.0,28800.0,high,foam,0.125,8,16,0.5
https://medipeel.co.kr/product/detail.html?product_no=3222&cate_no=499&display_group=1,메디필,https://medipeel.co.kr/product/detail.html?product_no=3222&cate_no=499&display_group=1,32,4,2.25,56.0,21000.0,mid,oil,0.125,24,64,0.375
https://lagom.kr/product/detail.html?product_no=327&cate_no=86&display_group=1,라곰,https://lagom.kr/product/detail.html?product_no=327&cate_no=86&display_group=1,25,3,2.4,40.0,4000.0,low,foam,0.12,15,50,0.3
https://www.naturerepublic.com/goods/goods/view?no=9990,네이처리퍼블릭,https://www.naturerepublic.com/goods/goods/view?no=9990,34,4,2.411764705882353,54.0,3000.0,low,foam,0.11764705882352941,20,68,0.29411764705882354
https://www.ableshop.kr/product/goods/view-goods?goodsId=BO00112997,미샤,https://www.ableshop.kr/product/goods/view-goods?goodsId=BO00112997,43,5,2.2093023255813953,77.0,25000.0,high,foam,0.11627906976744186,34,86,0.3953488372093023
https://imfrom.co.kr/product/detail.html?product_no=202&cate_no=175&display_group=1,아임프롬,https://imfrom.co.kr/product/detail.html?product_no=202&cate_no=175&display_group=1,26,3,2.3076923076923075,44.0,30000.0,high,balm,0.11538461538461539,18,52,0.34615384615384615
https://www.elimerek.com/shop/shopdetail.html?branduid=3557807&xcode=001&mcode=001&scode=&type=Y&sort=regdate&current_category=001001&search=&GfDT=bWl3VQ%3D%3D,엘리메르,https://www.elimerek.com/shop/shopdetail.html?branduid=3557807&xcode=001&mcode=001&scode=&type=Y&sort=regdate&current_category=001001&search=&GfDT=bWl3VQ%3D%3D,44,5,2.2045454545454546,79.0,21500.0,high,foam,0.11363636363636363,35,88,0.3977272727272727
https://brmudkorea.com/product/detail.html?product_no=13&cate_no=90&display_group=1,비알머드,https://brmudkorea.com/product/detail.html?product_no=13&cate_no=90&display_group=1,54,6,2.2962962962962963,92.0,14000.0,low,foam,0.1111111111111111,38,108,0.35185185185185186
https://brmudkorea.com/product/detail.html?product_no=87&cate_no=90&display_group=1,비알엠유디,https://brmudkorea.com/product/detail.html?product_no=87&cate_no=90&display_group=1,28,3,2.5357142857142856,41.0,29900.0,high,foam,0.10714285714285714,13,56,0.23214285714285715
https://imfrom.co.kr/product/detail.html?product_no=248&cate_no=175&display_group=1,아임프롬,https://imfrom.co.kr/product/detail.html?product_no=248&cate_no=175&display_group=1,28,3,2.5357142857142856,41.0,30000.0,high,balm,0.10714285714285714,13,56,0.23214285714285715
https://www.innisfree.com/kr/ko/dp/product/35277,이니스프리,https://www.innisfree.com/kr/ko/dp/product/35277,47,5,2.4680851063829787,72.0,1000.0,low,foam,0.10638297872340426,25,94,0.26595744680851063
https://sungboon.com/product/%EC%84%BC%ED%85%94%EB%9D%BD%ED%86%A0-%EC%95%84%ED%81%AC%EB%A6%AC%EC%8A%A4-%ED%81%B4%EB%A6%AC%EC%96%B4%EB%A7%81-%ED%8F%BC-%ED%81%B4%EB%A0%8C%EC%A0%80/584/category/494/display/1/,성분에디터,https://sungboon.com/product/%EC%84%BC%ED%85%94%EB%9D%BD%ED%86%A0-%EC%95%84%ED%81%AC%EB%A6%AC%EC%8A%A4-%ED%81%B4%EB%A6%AC%EC%96%B4%EB%A7%81-%ED%8F%BC-%ED%81%B4%EB%A0%8C%EC%A0%80/584/category/494/display/1/,40,4,2.275,69.0,12900.0,low,foam,0.1,29,80,0.3625
https://imfrom.co.kr/product/%ED%94%BC%EA%B7%B8-%ED%8F%BC-%ED%81%B4%EB%A0%8C%EC%A0%80/204/category/175/display/1/,아임프롬,https://imfrom.co.kr/product/%ED%94%BC%EA%B7%B8-%ED%8F%BC-%ED%81%B4%EB%A0%8C%EC%A0%80/204/category/175/display/1/,30,3,2.3,51.0,18000.0,mid,foam,0.1,21,60,0.35
https://www.elimerek.com/shop/shopdetail.html?branduid=3558997&xcode=001&mcode=001&scode=&type=Y&sort=regdate&current_category=001001&search=&GfDT=bmd3Ug%3D%3D,엘리메르,https://www.elimerek.com/shop/shopdetail.html?branduid=3558997&xcode=001&mcode=001&scode=&type=Y&sort=regdate&current_category=001001&search=&GfDT=bmd3Ug%3D%3D,30,3,2.4,48.0,17500.0,mid,foam,0.1,18,60,0.3
https://www.dr-g.co.kr/item/4359?pc=4&cc=14,닥터지,https://www.dr-g.co.kr/item/4359?pc=4&cc=14,52,5,2.4423076923076925,81.0,20000.0,mid,foam,0.09615384615384616,29,104,0.27884615384615385
https://www.theskinfood.com/shop/shopdetail.html?branduid=1796&search=%ED%8F%BC&sort=order&xcode=005&mcode=033&scode=&GfDT=bm18W1o%3D,스킨푸드,https://www.theskinfood.com/shop/shopdetail.html?branduid=1796&search=%ED%8F%BC&sort=order&xcode=005&mcode=033&scode=&GfDT=bm18W1o%3D,44,4,2.4318181818181817,69.0,11000.0,low,foam,0.09090909090909091,25,88,0.2840909090909091
https://m.shionle.com/product/detail.html?product_no=788#enp_mbris,션리,https://m.shionle.com/product/detail.html?product_no=788#enp_mbris,45,4,2.4444444444444446,70.0,16000.0,mid,foam,0.08888888888888889,25,90,0.2777777777777778
https://medihealshop.com/product/더마-크림-팩-클렌저로제-피디알엔-모공-탄력/1660/,메디힐,https://medihealshop.com/product/더마-크림-팩-클렌저로제-피디알엔-모공-탄력/1660/,24,2,2.3333333333333335,40.0,16400.0,mid,unknown,0.08333333333333333,16,48,0.3333333333333333
https://huxley.co.kr/product/클렌징-폼-비-클린-비-모이스트/79,헉슬리,https://huxley.co.kr/product/클렌징-폼-비-클린-비-모이스트/79,48,4,2.5,72.0,25000.0,high,foam,0.08333333333333333,24,96,0.25
https://www.iaso.co.kr/shop/shopdetail.html?branduid=2558230&xcode=005&mcode=001&scode=&type=Y&sort=manual&current_category=005001&search=&GfDT=bmt7W1k%3D,이아소,https://www.iaso.co.kr/shop/shopdetail.html?branduid=2558230&xcode=005&mcode=001&scode=&type=Y&sort=manual&current_category=005001&search=&GfDT=bmt7W1k%3D,36,3,2.5833333333333335,51.0,38000.0,high,foam,0.08333333333333333,15,72,0.20833333333333334
https://medipeel.co.kr/product/detail.html?product_no=3917&cate_no=728&display_group=1,메디필,https://medipeel.co.kr/product/detail.html?product_no=3917&cate_no=728&display_group=1,25,2,2.4,40.0,30000.0,high,oil,0.08,15,50,0.3
https://lagom.kr/product/detail.html?product_no=326&cate_no=86&display_group=1,라곰,https://lagom.kr/product/detail.html?product_no=326&cate_no=86&display_group=1,26,2,2.576923076923077,37.0,4000.0,low,foam,0.07692307692307693,11,52,0.21153846153846154
https://dewytree.com/product/detail.html?product_no=21&cate_no=54&display_group=1,듀이트리,https://dewytree.com/product/detail.html?product_no=21&cate_no=54&display_group=1,40,3,2.525,59.0,3000.0,low,unknown,0.075,19,80,0.2375
https://www.etude.com/shop/category/cleanser/cleanser-all/%eb%bd%80%ec%98%a4%ec%96%80-%eb%af%b8%ec%86%8c-%eb%b0%9c%ed%9a%a8-%ed%81%b4%eb%a0%8c%ec%a7%95-%ed%8f%bc-150ml/,에뛰드,https://www.etude.com/shop/category/cleanser/cleanser-all/%eb%bd%80%ec%98%a4%ec%96%80-%eb%af%b8%ec%86%8c-%eb%b0%9c%ed%9a%a8-%ed%81%b4%eb%a0%8c%ec%a7%95-%ed%8f%bc-150ml/,54,4,2.4814814814814814,82.0,9000.0,low,foam,0.07407407407407407,28,108,0.25925925925925924
https://lagom.kr/product/detail.html?product_no=566&cate_no=69&display_group=1,라곰,https://lagom.kr/product/detail.html?product_no=566&cate_no=69&display_group=1,14,1,2.4285714285714284,22.0,18000.0,mid,foam,0.07142857142857142,8,28,0.2857142857142857
https://whataskin.co.kr/product/%EB%A7%88%EC%9D%BC%EB%93%9C-%EB%B0%94%ED%95%98-55-%EC%95%BD%EC%82%B0%EC%84%B1-%EB%B2%84%EB%B8%94-%ED%8F%BC%ED%81%B4%EB%A0%8C%EC%A7%95-200ml/11/category/29/display/1/,와더스킨,https://whataskin.co.kr/product/%EB%A7%88%EC%9D%BC%EB%93%9C-%EB%B0%94%ED%95%98-55-%EC%95%BD%EC%82%B0%EC%84%B1-%EB%B2%84%EB%B8%94-%ED%8F%BC%ED%81%B4%EB%A0%8C%EC%A7%95-200ml/11/category/29/display/1/,28,2,2.4642857142857144,43.0,22000.0,high,foam,0.07142857142857142,15,56,0.26785714285714285
https://themedicube.co.kr/product/detail.html?product_no=2473&cate_no=308&display_group=1,메디큐브,https://themedicube.co.kr/product/detail.html?product_no=2473&cate_no=308&display_group=1,14,1,2.642857142857143,19.0,21300.0,mid,foam,0.07142857142857142,5,28,0.17857142857142858
https://imfrom.co.kr/product/detail.html?product_no=247&cate_no=175&display_group=1,아임프롬,https://imfrom.co.kr/product/detail.html?product_no=247&cate_no=175&display_group=1,29,2,2.2758620689655173,50.0,24000.0,high,unknown,0.06896551724137931,21,58,0.3620689655172414
https://www.oliveyoung.co.kr/store/goods/getGoodsDetail.do?goodsNo=A000000223233,식물나라,https://www.oliveyoung.co.kr/store/goods/getGoodsDetail.do?goodsNo=A000000223233,60,4,2.683333333333333,79.0,4900.0,low,foam,0.06666666666666667,19,120,0.15833333333333333
https://themedicube.co.kr/product/detail.html?product_no=2286&cate_no=44&display_group=1,메디큐브,https://themedicube.co.kr/product/detail.html?product_no=2286&cate_no=44&display_group=1,46,3,2.4130434782608696,73.0,17500.0,mid,foam,0.06521739130434782,27,92,0.29347826086956524
https://kr.melixirskincare.com/product/만다린-모닝-페이스-클렌저-250ml/241/,멜릭서,https://kr.melixirskincare.com/product/만다린-모닝-페이스-클렌저-250ml/241/,47,3,2.5531914893617023,68.0,54300.0,high,unknown,0.06382978723404255,21,94,0.22340425531914893
https://clubclio.co.kr/shop/goodsView/0000006568#page1&id=0000006568,구달,https://clubclio.co.kr/shop/goodsView/0000006568#page1&id=0000006568,48,3,2.4166666666666665,76.0,15000.0,mid,foam,0.0625,28,96,0.2916666666666667
https://www.theskinfood.com/shop/shopdetail.html?branduid=993&xcode=036&mcode=001&scode=003,스킨푸드,https://www.theskinfood.com/shop/shopdetail.html?branduid=993&xcode=036&mcode=001&scode=003,48,3,2.4166666666666665,76.0,13000.0,low,foam,0.0625,28,96,0.2916666666666667
https://dermagen.co.kr/product/%EB%8D%94%EB%A7%88%EA%B2%90-%EC%95%84%ED%81%AC%EC%8B%B9-%ED%8F%BC%ED%81%B4%EB%A0%8C%EC%A7%95-180ml/62/,더마겐,https://dermagen.co.kr/product/%EB%8D%94%EB%A7%88%EA%B2%90-%EC%95%84%ED%81%AC%EC%8B%B9-%ED%8F%BC%ED%81%B4%EB%A0%8C%EC%A7%95-180ml/62/,32,2,2.4375,50.0,24000.0,high,foam,0.0625,18,64,0.28125
https://whataskin.co.kr/product/aa-p-%ED%8C%90%ED%85%8C%EB%86%80-%EC%A0%A4-%ED%81%B4%EB%A0%8C%EC%A7%95-%ED%8F%BC%ED%81%B4%EB%A0%8C%EC%A7%95-200ml/25/category/29/display/1/,와더스킨,https://whataskin.co.kr/product/aa-p-%ED%8C%90%ED%85%8C%EB%86%80-%EC%A0%A4-%ED%81%B4%EB%A0%8C%EC%A7%95-%ED%8F%BC%ED%81%B4%EB%A0%8C%EC%A7%95-200ml/25/category/29/display/1/,32,2,2.53125,47.0,22000.0,high,foam,0.0625,15,64,0.234375
https://medipeel.co.kr/product/detail.html?product_no=3915&cate_no=728&display_group=1,메디필,https://medipeel.co.kr/product/detail.html?product_no=3915&cate_no=728&display_group=1,16,1,2.75,20.0,30000.0,high,balm,0.0625,4,32,0.125
https://eunyul.co.kr/product/%EB%8D%B0%EC%9D%BC%EB%A6%AC-%EC%BC%80%EC%96%B4-%EC%95%84%ED%81%AC%EB%84%A4-%EB%B2%84%EB%B8%94-%ED%8F%BC%ED%81%B4%EB%A0%8C%EC%A0%80-500ml/130/category/45/display/1/,은율,https://eunyul.co.kr/product/%EB%8D%B0%EC%9D%BC%EB%A6%AC-%EC%BC%80%EC%96%B4-%EC%95%84%ED%81%AC%EB%84%A4-%EB%B2%84%EB%B8%94-%ED%8F%BC%ED%81%B4%EB%A0%8C%EC%A0%80-500ml/130/category/45/display/1/,49,3,2.693877551020408,64.0,12800.0,low,foam,0.061224489795918366,15,98,0.15306122448979592
https://thewhoo.com/product/detail.html?product_no=650,더후,https://thewhoo.com/product/detail.html?product_no=650,51,3,2.5294117647058822,75.0,43000.0,high,foam,0.058823529411764705,24,102,0.23529411764705882
https://www.makeprem.com/goods/goods_view.php?goodsNo=1000000283,메이크프렘,https://www.makeprem.com/goods/goods_view.php?goodsNo=1000000283,51,3,2.5686274509803924,73.0,9900.0,low,oil,0.058823529411764705,22,102,0.21568627450980393
https://www.sulwhasoo.com/kr/ko/products/gentle-cleansing-oil.html,설화수,https://www.sulwhasoo.com/kr/ko/products/gentle-cleansing-oil.html,36,2,2.5277777777777777,53.0,47000.0,high,oil,0.05555555555555555,17,72,0.2361111111111111
https://pongdangshop.com/product/detail.html?product_no=172&cate_no=117&display_group=1,퐁당,https://pongdangshop.com/product/detail.html?product_no=172&cate_no=117&display_group=1,38,2,2.6315789473684212,52.0,20000.0,mid,oil,0.05263157894736842,14,76,0.18421052631578946
https://thewhoo.com/product/detail.html?product_no=713,더후,https://thewhoo.com/product/detail.html?product_no=713,41,2,2.8048780487804876,49.0,46000.0,high,foam,0.04878048780487805,8,82,0.0975609756097561
https://lagom.kr/product/detail.html?product_no=574&cate_no=69&display_group=1,라곰,https://lagom.kr/product/detail.html?product_no=574&cate_no=69&display_group=1,24,1,2.625,33.0,22000.0,high,oil,0.041666666666666664,9,48,0.1875
https://www.makeprem.com/goods/goods_view.php?goodsNo=1037,메이크프렘,https://www.makeprem.com/goods/goods_view.php?goodsNo=1037,48,2,2.625,66.0,9900.0,low,foam,0.041666666666666664,18,96,0.1875
https://whataskin.co.kr/product/%ED%93%A8%EC%96%B4%EB%AF%B8-%ED%9C%A9-%ED%8F%BC%ED%81%B4%EB%A0%8C%EC%A7%95-150g/22/category/29/display/1/,와더스킨,https://whataskin.co.kr/product/%ED%93%A8%EC%96%B4%EB%AF%B8-%ED%9C%A9-%ED%8F%BC%ED%81%B4%EB%A0%8C%EC%A7%95-150g/22/category/29/display/1/,48,2,2.7083333333333335,62.0,18900.0,mid,foam,0.041666666666666664,14,96,0.14583333333333334
https://hemille.com/product/detail.html?product_no=490&cate_no=55&display_group=1,헤밀르,https://hemille.com/product/detail.html?product_no=490&cate_no=55&display_group=1,26,1,2.6153846153846154,36.0,36000.0,high,unknown,0.038461538461538464,10,52,0.19230769230769232
https://eunyul.co.kr/product/%EB%A7%88%EC%9C%A0-%ED%8F%BC%ED%81%B4%EB%A0%8C%EC%A7%95-150ml/16/category/45/display/1/,은율,https://eunyul.co.kr/product/%EB%A7%88%EC%9C%A0-%ED%8F%BC%ED%81%B4%EB%A0%8C%EC%A7%95-150ml/16/category/45/display/1/,52,2,2.730769230769231,66.0,4500.0,low,foam,0.038461538461538464,14,104,0.1346153846153846
https://www.theskinfood.com/shop/shopdetail.html?branduid=10323366&search=%ED%8F%BC&sort=order&xcode=008&mcode=000&scode=&GfDT=bG13WA%3D%3D,스킨푸드,https://www.theskinfood.com/shop/shopdetail.html?branduid=10323366&search=%ED%8F%BC&sort=order&xcode=008&mcode=000&scode=&GfDT=bG13WA%3D%3D,26,1,2.8461538461538463,30.0,15000.0,mid,unknown,0.038461538461538464,4,52,0.07692307692307693
https://jumiso.co.kr/product/%EA%B8%80%EB%A1%9C%EC%9A%B0%ED%94%BD1%EC%9C%84-%ED%8F%AC%EC%96%B4-%ED%93%A8%EB%A6%AC%ED%8C%8C%EC%9E%89-%EC%82%B4%EB%A6%AC%EC%8B%A4%EC%82%B0-%ED%8F%AC%EB%B0%8D-%ED%81%B4%EB%A0%8C%EC%A0%80-120g/66/category/44/display/1/,주미소,https://jumiso.co.kr/product/%EA%B8%80%EB%A1%9C%EC%9A%B0%ED%94%BD1%EC%9C%84-%ED%8F%AC%EC%96%B4-%ED%93%A8%EB%A6%AC%ED%8C%8C%EC%9E%89-%EC%82%B4%EB%A6%AC%EC%8B%A4%EC%82%B0-%ED%8F%AC%EB%B0%8D-%ED%81%B4%EB%A0%8C%EC%A0%80-120g/66/category/44/display/1/,54,2,2.4814814814814814,82.0,13500.0,low,unknown,0.037037037037037035,28,108,0.25925925925925924
https://9wishes.co.kr/product/%ED%95%98%EC%9D%B4%EB%93%9C%EB%9D%BC-%EB%A7%88%EC%9D%BC%EB%93%9C-%ED%8F%BC-%ED%81%B4%EB%A0%8C%EC%A0%80-200ml/278/category/78/display/1/,나인위시스,https://9wishes.co.kr/product/%ED%95%98%EC%9D%B4%EB%93%9C%EB%9D%BC-%EB%A7%88%EC%9D%BC%EB%93%9C-%ED%8F%BC-%ED%81%B4%EB%A0%8C%EC%A0%80-200ml/278/category/78/display/1/,57,2,2.508771929824561,85.0,15400.0,mid,foam,0.03508771929824561,28,114,0.24561403508771928
https://imfrom.co.kr/product/detail.html?product_no=245&cate_no=175&display_group=1,아임프롬,https://imfrom.co.kr/product/detail.html?product_no=245&cate_no=175&display_group=1,30,1,2.533333333333333,44.0,24000.0,high,unknown,0.03333333333333333,14,60,0.23333333333333334
https://www.etude.com/shop/category/cleanser/cleanser-all/%eb%b2%a0%ec%9d%b4%ed%82%b9-%ed%8c%8c%ec%9a%b0%eb%8d%94-%eb%aa%a8%ea%b3%b5-%ed%81%b4%eb%a0%8c%ec%a7%95-%ed%8f%bc-160g/,에뛰드,https://www.etude.com/shop/category/cleanser/cleanser-all/%eb%b2%a0%ec%9d%b4%ed%82%b9-%ed%8c%8c%ec%9a%b0%eb%8d%94-%eb%aa%a8%ea%b3%b5-%ed%81%b4%eb%a0%8c%ec%a7%95-%ed%8f%bc-160g/,62,2,2.629032258064516,85.0,8000.0,low,foam,0.03225806451612903,23,124,0.18548387096774194
https://lagom.kr/product/detail.html?product_no=488&cate_no=86&display_group=1,라곰,https://lagom.kr/product/detail.html?product_no=488&cate_no=86&display_group=1,37,1,2.6486486486486487,50.0,4500.0,low,oil,0.02702702702702703,13,74,0.17567567567567569
https://www.etude.com/shop/category/cleanser/cleanser-all/%ec%88%98%eb%b6%84%ea%b0%80%eb%93%9d-%ec%bd%9c%eb%9d%bc%ea%b2%90-%ed%81%b4%eb%a0%8c%ec%a7%95-%ed%8f%bc-150ml/,에뛰드,https://www.etude.com/shop/category/cleanser/cleanser-all/%ec%88%98%eb%b6%84%ea%b0%80%eb%93%9d-%ec%bd%9c%eb%9d%bc%ea%b2%90-%ed%81%b4%eb%a0%8c%ec%a7%95-%ed%8f%bc-150ml/,38,1,2.763157894736842,47.0,10000.0,low,foam,0.02631578947368421,9,76,0.11842105263157894
https://thewhoo.com/product/detail.html?product_no=198&cate_no=94&display_group=1,더후,https://thewhoo.com/product/detail.html?product_no=198&cate_no=94&display_group=1,39,1,2.8461538461538463,45.0,70000.0,high,foam,0.02564102564102564,6,78,0.07692307692307693
https://www.itsskin.com/goods/goods_view.php?goodsNo=1000001246,잇츠스킨,https://www.itsskin.com/goods/goods_view.php?goodsNo=1000001246,51,1,2.843137254901961,59.0,3000.0,low,foam,0.0196078431372549,8,102,0.0784313725490196
https://ilso.kr/product/%ED%94%BC%EC%A7%80-%ED%9D%A1%EC%B0%A9-%ED%81%B4%EB%A0%8C%EC%A7%95-%ED%8C%A9%ED%8F%BC-%EA%B8%B0%ED%9A%8D-%EC%A6%9D%EC%A0%95-%EC%84%B8%EC%95%88-%ED%97%A4%EC%96%B4%EB%B0%B4%EB%93%9C/200/category/118/display/1/,일소,https://ilso.kr/product/%ED%94%BC%EC%A7%80-%ED%9D%A1%EC%B0%A9-%ED%81%B4%EB%A0%8C%EC%A7%95-%ED%8C%A9%ED%8F%BC-%EA%B8%B0%ED%9A%8D-%EC%A6%9D%EC%A0%95-%EC%84%B8%EC%95%88-%ED%97%A4%EC%96%B4%EB%B0%B4%EB%93%9C/200/category/118/display/1/,53,1,2.9056603773584904,58.0,16900.0,mid,unknown,0.018867924528301886,5,106,0.04716981132075472
https://www.theskinfood.com/shop/shopdetail.html?branduid=10323543&search=%ED%8F%BC&sort=order&xcode=008&mcode=000&scode=&GfDT=bm91W1w%3D,스킨푸드,https://www.theskinfood.com/shop/shopdetail.html?branduid=10323543&search=%ED%8F%BC&sort=order&xcode=008&mcode=000&scode=&GfDT=bm91W1w%3D,54,1,2.5,81.0,12700.0,low,foam,0.018518518518518517,27,108,0.25
https://themedicube.co.kr/product/detail.html?product_no=2713&cate_no=308&display_group=1,메디큐브,https://themedicube.co.kr/product/detail.html?product_no=2713&cate_no=308&display_group=1,14,0,2.4285714285714284,22.0,45400.0,high,foam,0.0,8,28,0.2857142857142857
https://medipeel.co.kr/product/detail.html?product_no=3409&cate_no=499&display_group=1,메디필,https://medipeel.co.kr/product/detail.html?product_no=3409&cate_no=499&display_group=1,21,0,2.5238095238095237,31.0,35000.0,high,balm,0.0,10,42,0.23809523809523808
https://coreanamall.com/products/view/FCXJ060100,앰플엔,https://coreanamall.com/products/view/FCXJ060100,38,0,2.5789473684210527,54.0,3000.0,low,foam,0.0,16,76,0.21052631578947367
https://medipeel.co.kr/product/detail.html?product_no=4116&cate_no=499&display_group=1,메디필,https://medipeel.co.kr/product/detail.html?product_no=4116&cate_no=499&display_group=1,10,0,2.6,14.0,30400.0,high,powder,0.0,4,20,0.2
https://imfrom.co.kr/product/detail.html?product_no=206&cate_no=175&display_group=1,아임프롬,https://imfrom.co.kr/product/detail.html?product_no=206&cate_no=175&display_group=1,24,0,2.625,33.0,24000.0,high,powder,0.0,9,48,0.1875
https://medipeel.co.kr/product/detail.html?product_no=3301&cate_no=728&display_group=1,메디필,https://medipeel.co.kr/product/detail.html?product_no=3301&cate_no=728&display_group=1,32,0,2.65625,43.0,30000.0,high,foam,0.0,11,64,0.171875
https://banila.com/product/detail.html?product_no=1045&cate_no=214&display_group=1,바닐라코,https://banila.com/product/detail.html?product_no=1045&cate_no=214&display_group=1,22,0,2.6818181818181817,29.0,56000.0,high,balm,0.0,7,44,0.1590909090909091
https://thewhoo.com/product/detail.html?product_no=87,더후,https://thewhoo.com/product/detail.html?product_no=87,45,0,2.688888888888889,59.0,46000.0,high,oil,0.0,14,90,0.15555555555555556
https://thewhoo.com/product/detail.html?product_no=766,더후,https://thewhoo.com/product/detail.html?product_no=766,40,0,2.7,52.0,56000.0,high,balm,0.0,12,80,0.15
https://www.sulwhasoo.com/kr/ko/products/gentle-cleansing-foam-ex.html,설화수,https://www.sulwhasoo.com/kr/ko/products/gentle-cleansing-foam-ex.html,41,0,2.707317073170732,53.0,42000.0,high,foam,0.0,12,82,0.14634146341463414
https://ilso.kr/product/new-%EC%96%B4%EC%84%B1%EC%B4%88%EB%AF%BC%EA%B0%90-pdrn-%EC%95%A1%ED%8B%B0%EB%B8%8C-%EB%B2%84%EB%B8%94-%ED%81%B4%EB%A0%8C%EC%A0%80/211/category/118/display/1/,일소,https://ilso.kr/product/new-%EC%96%B4%EC%84%B1%EC%B4%88%EB%AF%BC%EA%B0%90-pdrn-%EC%95%A1%ED%8B%B0%EB%B8%8C-%EB%B2%84%EB%B8%94-%ED%81%B4%EB%A0%8C%EC%A0%80/211/category/118/display/1/,38,0,2.710526315789474,49.0,18000.0,mid,unknown,0.0,11,76,0.14473684210526316
http://www.faithinface.co.kr/shop/shopdetail.html?branduid=3474504&xcode=039&mcode=004&scode=&type=Y&sort=manual&current_category=039004&search=&GfDT=bmh8W14%3D,페이스인페이스,http://www.faithinface.co.kr/shop/shopdetail.html?branduid=3474504&xcode=039&mcode=004&scode=&type=Y&sort=manual&current_category=039004&search=&GfDT=bmh8W14%3D,53,0,2.792452830188679,64.0,5000.0,low,foam,0.0,11,106,0.10377358490566038
https://thewhoo.com/product/detail.html?product_no=88,더후,https://thewhoo.com/product/detail.html?product_no=88,39,0,2.8205128205128207,46.0,43000.0,high,foam,0.0,7,78,0.08974358974358974
https://www.sulwhasoo.com/kr/ko/products/concentrated-ginseng-rejuvenating-cleansing-foam.html,설화수,https://www.sulwhasoo.com/kr/ko/products/concentrated-ginseng-rejuvenating-cleansing-foam.html,29,0,2.8275862068965516,34.0,68000.0,high,foam,0.0,5,58,0.08620689655172414
https://eunyul.co.kr/product/%EC%98%90%EB%A1%9C%EC%9A%B0%EC%94%A8%EB%93%9C-%EB%B0%94%EC%9D%B4%ED%83%88-%ED%8F%BC%ED%81%B4%EB%A0%8C%EC%A0%80-500ml/82/category/45/display/1/,은율,https://eunyul.co.kr/product/%EC%98%90%EB%A1%9C%EC%9A%B0%EC%94%A8%EB%93%9C-%EB%B0%94%EC%9D%B4%ED%83%88-%ED%8F%BC%ED%81%B4%EB%A0%8C%EC%A0%80-500ml/82/category/45/display/1/,54,0,2.8333333333333335,63.0,11000.0,low,foam,0.0,9,108,0.08333333333333333
https://brmudkorea.com/product/detail.html?product_no=178&cate_no=90&display_group=1,비알엠유디,https://brmudkorea.com/product/detail.html?product_no=178&cate_no=90&display_group=1,32,0,2.84375,37.0,43900.0,high,foam,0.0,5,64,0.078125
https://purek.co.kr/product/detail.html?product_no=9&cate_no=25&display_group=1,퓨어케이,https://purek.co.kr/product/detail.html?product_no=9&cate_no=25&display_group=1,21,0,2.857142857142857,24.0,13900.0,low,oil,0.0,3,42,0.07142857142857142
https://pongdangshop.com/product/detail.html?product_no=147&cate_no=117&display_group=1,퐁당,https://pongdangshop.com/product/detail.html?product_no=147&cate_no=117&display_group=1,44,0,2.8636363636363638,50.0,15000.0,mid,foam,0.0,6,88,0.06818181818181818
https://unleashiacosmetics.com/product/에이비씨-소르베-페이셜-클렌저-abc-sorbet-facial-cleanser/272/category/84/display/1/,언리시아,https://unleashiacosmetics.com/product/에이비씨-소르베-페이셜-클렌저-abc-sorbet-facial-cleanser/272/category/84/display/1/,34,0,2.8823529411764706,38.0,18000.0,mid,unknown,0.0,4,68,0.058823529411764705
https://hemille.com/product/detail.html?product_no=56&cate_no=55&display_group=1,헤밀르,https://hemille.com/product/detail.html?product_no=56&cate_no=55&display_group=1,22,0,2.909090909090909,24.0,79900.0,high,unknown,0.0,2,44,0.045454545454545456
https://brmudkorea.com/product/detail.html?product_no=21&cate_no=72&display_group=1,비알엠유디,https://brmudkorea.com/product/detail.html?product_no=21&cate_no=72&display_group=1,36,0,2.9166666666666665,39.0,6000.0,low,foam,0.0,3,72,0.041666666666666664
https://pongdangshop.com/product/detail.html?product_no=196&cate_no=117&display_group=1,퐁당,https://pongdangshop.com/product/detail.html?product_no=196&cate_no=117&display_group=1,28,0,2.9285714285714284,30.0,3000.0,low,oil,0.0,2,56,0.03571428571428571
https://www.sulwhasoo.com/kr/ko/products/the-ultimate-s-enriched-cleansing-foam.html,설화수,https://www.sulwhasoo.com/kr/ko/products/the-ultimate-s-enriched-cleansing-foam.html,49,0,2.938775510204082,52.0,90000.0,high,foam,0.0,3,98,0.030612244897959183
https://yuripibu.com/product/%EC%B4%9D-480ml-%EA%B7%B8%EB%9E%80%EB%96%BC-%EB%8D%B0%EC%9D%BC%EB%A6%AC-%EC%95%BD%EC%82%B0%EC%84%B1-%ED%81%B4%EB%A0%8C%EC%A7%95-%ED%8F%BC-160ml-x3%EA%B0%9C/102/category/88/display/1/,유리피부,https://yuripibu.com/product/%EC%B4%9D-480ml-%EA%B7%B8%EB%9E%80%EB%96%BC-%EB%8D%B0%EC%9D%BC%EB%A6%AC-%EC%95%BD%EC%82%B0%EC%84%B1-%ED%81%B4%EB%A0%8C%EC%A7%95-%ED%8F%BC-160ml-x3%EA%B0%9C/102/category/88/display/1/,34,0,2.9705882352941178,35.0,45900.0,high,foam,0.0,1,68,0.014705882352941176
https://silkcrystal.co.kr/product/%ED%99%94%EC%9D%B4%ED%8A%B8-%EB%94%A5-%ED%81%B4%EB%A6%B0%EC%A7%95-%ED%8F%BC-70ml/67/category/24/display/1/,실크크리스탈,https://silkcrystal.co.kr/product/%ED%99%94%EC%9D%B4%ED%8A%B8-%EB%94%A5-%ED%81%B4%EB%A6%B0%EC%A7%95-%ED%8F%BC-70ml/67/category/24/display/1/,44,0,3.0,44.0,68000.0,high,unknown,0.0,0,88,0.0
